Text,original_sentiment,generated_sentiment
я считаю это мем года https://t.co/xoVKj5y8Mj,positive,positive
"ян русский на сотку все запятые где надо🤙🏻👍🏻👍🏻👍🏻👍🏻
я ещё сидел думал чо не так с этим твитом",positive,positive
@daria_karapet * терияки бойз начинает играть*,neutral,neutral
(пушка на Караульной горе больше не стреляет БА-БАХ!!) #красноярск,negative,negative
@Iori_loves_U Как мило /смутилась/ спасибо 🥰🌸,positive,positive
"@dinosaurgrgrgr ПО ДЖАКУРАМАМ ЭТО ПАБЛИК НАРОЧАН, А МОЁ ЭТО ПРОСТО ПО ДЖАКУРАЮ 👉👈",neutral,neutral
мне больно дышать..я как бабка 80 лет ужас🚬,negative,negative
"@YourChoice602 @crystal_ikon Люблю вас, too 💜 https://t.co/V5CESheOzN",positive,positive
@Oppocum09 У нас в столовке лудшая греча с мясом,positive,positive
@94tommo91 какого цвета?,neutral,neutral
"Ради теста воткнул в планшет SDR-приемник

Поймал ""Наше радио""

Вернул себе 2006й",neutral,positive
@lilydavay @bikymora Так лучше),positive,positive
@ineedanescap Волнуемся🤗,positive,positive
@hongjoongscoat НЕТ Я ВОУД В ТАНЦЕ,neutral,negative
Вот и чудно.,positive,neutral
"@Oleg_Ilchenko Как можно было выходить за муж за человека, не глянув как его зовут в Твитере до свадьбы",neutral,negative
"@CulturalBaby ого они реально упомянули эспу
спасибо большое за перевод ты большая умничка🧡",positive,positive
@OvvCheck у меня. ⚰️,neutral,negative
@boglaid ОНА ВЕРНЕЕЕЕТСЯЯЯЯЯЯЯЯЯЯЯ,positive,positive
"По словам разработчиков, эффективность российского препарата выше 80%.",positive,positive
@wCZLmLwTtbDokr5 Это какой-то пипец))),negative,positive
@sumin174 Согласна,neutral,positive
@flufairii как же секси скажии,positive,positive
@niemalsnoch @veritas_z ну кто ты и кто залина. камон,negative,negative
от красных носков неприятно несёт гетеронормативностью,negative,negative
"НЕ НУ ВЫ ВИДЕЛИ ЧЕ ТВОРЯТ???

#NCT127 #Punch
#NCT127_Punch
#NeoZone_TheFinalRound",negative,negative
"Я ещё только на 12-ой минуте выпуска и я уже сука ору и мне стрёмно из-за этого Чувака, бля он реально токсик🤦‍♀️🤦‍♀️😂😂😂
#ЧБД",negative,negative
"Тот человек, у которого истинные друзья не остаются долго, имеет тяжелый нрав.",negative,negative
да полюбас лирику поменяли всегда же меняют обычно .... оч надеюсь конечно ..,neutral,neutral
"Ненавижу детей с колонками, вы, суки, мешаете мне. Я вас щас сожру",negative,negative
АХУЕТЬ,negative,negative
"@pineorangene оль, это бан 🥴",negative,negative
@meduzaproject Пусть земля ему будет Крымом!,negative,negative
@zhongguodangren Почему культуристы?,neutral,neutral
"Почему умирают реально достойные люди, а я живу свою никчемную жизнь и всех заебываю тем что хочу сдохнуть",negative,negative
@Umfcsamregion ну вот и дождались. спасибо.,positive,neutral
нахуй я интересуюсь если ты игноришь лол ладно,negative,negative
"@Nitograve @VayMarin Я не понимаю о чем вы, а в уведомлениях это ещё страннее выглядит. https://t.co/jAq6wNDo7M",neutral,neutral
"@ksuharik я тоже не знала про его альбом, случайно новость только увидела 
надо уточнить тоже, когда он выходит)",neutral,neutral
@GoretcNew и несёт её очень часто.,negative,neutral
@TAMRUS15 Это же сексуально аппетитная попка @Petrova_615 я сразу узнал )))😜😘😂😍,positive,positive
@douknowwhou это буквально ты мучача https://t.co/Q9RlFnERYn,neutral,negative
💢Кто и что вас бесит?💢😾,neutral,negative
@senyahuduakov давай,neutral,neutral
"сначала арт для фавочки
потом арт с Сонхва

ту продактив я уже умираю",negative,negative
"ТВОЮ МАТЬ СЁДЗИ ЧЕ ТЫ ТВОРИШЬ
АААААааАаАаАаАа
#нана #аниме #тупыемужики",negative,negative
я в 5 классе                      я на 3 курсе https://t.co/hBFpE3oINh,neutral,neutral
@vova_kovynev @mexelmexel @quintocolumno1 моргалы выколю https://t.co/XcxE9XXzd9,negative,negative
@traktor_bang Не читаю реплаи и цитирование твитов на 250к просмотров),neutral,neutral
самый сильный аргумент educate yourself 👍 используйте почаще 👍,positive,positive
"@vladsubbotin крутая мышь, но мне не надо столько",positive,neutral
@ultimateclooown а я вот в этом не уверенна,neutral,negative
БЛЯТЬ ФОТКУ ЗАБЫЛА ПРИКРЕПИТЬ https://t.co/QJkXwPZO7G,negative,negative
@ShirahoshiSiren персиковый,neutral,neutral
Яндекс.Толока - заработок в интернете без вложений https://t.co/vhJBJbn5eW,neutral,positive
"@brokkoletty Хорошо, буду 🥺💜❤️💜",positive,positive
Релиз альбома SuperM меня почему-то вогнал в уныние. Ещё больше захотелось увидеть ЕХО всех вместе...,neutral,negative
"@J3EhcJjfgGsGQ83 @M_Borzykin При чем тут удар в лицо. Он не играл в мяч, умвшленный удар по ногам.",neutral,negative
@ErlikhmanK Да ну нахуй((((,negative,negative
@vassural Молодцы кубинцы. А мы их в 90ых предали.,positive,negative
@keter_eles Я тоже 😂✌🏻,neutral,positive
наверно скоро начну смотреть волейбол,neutral,neutral
теперь у меня запрет на использование телефона по причине глаукома https://t.co/ukHRSrLzC7,neutral,negative
@watermelonONK @nikrodionov541 Ужас. Спортсмены нынче такие... быдло,negative,negative
Дедушка Мороз. Через тернии к звездам. https://t.co/52oZKoWvyD,neutral,positive
"Мой комментарий к записи «Боязнь прививок, ГМО и вера в плоскую Землю» от crithin https://t.co/nzBYWVmKA8",neutral,neutral
@kornmakoto Ответь да или нет,neutral,neutral
«СМУ-6 Инвестиции»: Успей купить – последние квартиры в ЖК «Любовь и Голуби»: Реализация проекта «Любовь и Голуби» вышла на «финишную…,neutral,positive
@lostgalaxy8 Если что мне не сложно 👀,neutral,positive
"@GONEFLUDD132 Скорейшего выздоровления и привет от овсянки, там уже пост наделали)",positive,positive
@FSITBS видимо да 😔😔,negative,negative
Сука я злюсь на весь мир,negative,negative
Для закона многие плоды запретные https://t.co/Y6xf0xMxM2,neutral,negative
@vkusnopizdec Обожаю тебя),positive,positive
"@navalny @Sakaushka Конченые дебилы и леваки
Я понимаю, боитесь отвернуть от себя ""левый"" электорат, это прям леваки с обложки",negative,negative
@ja_pumpkin надо...,neutral,neutral
@__sattva @Alexey__Kovalev @sssmirnov Кашин же родо начальник,neutral,neutral
@Stasya09096712 именно так.,neutral,neutral
Это ну тоже так к слову))),neutral,neutral
@kurapika_catboy она бы записала в тетрадь себя?,neutral,neutral
@_xfnx ЧТО ЭТО ЗА ХУЙНЯ БОЖЕ,negative,negative
"@kerchanka123 Я тож🤣🤣🤣🤣блоооо, петух эт точно я🤣🤣🤣",positive,positive
"КАК МЕНЯ БЕСЯТ ЭТИ ХАЧИКИ У ГАЛЕРЫ
ВОЗВРАЩАЙТЕСЬ В СВОИ АУЛЫ НАХУЙ",negative,negative
"подруга за стойкой размещения 8 часов стоит в маске при огромном потоке людей, как тут не ебнуться... еще и кожу всю испортила себе",negative,negative
"@downsolow13 Лучший сонный пельмешек, раз уж на то пошло)",positive,positive
"- Рабинович, вы уволены!
- Я же по паспорту русский!!!
- Так мы уже уволили десять евреев, надо же нам уволить хоть одного русского.",positive,negative
@DSY1973 У нас особый путь,neutral,neutral
"/закрывает глаза, чтобы не видеть кусочки спойлеров/",negative,negative
БЛИН СЕГОДНЯ ЖЕ #HappyBoyfriendDay 🥺🥺🥺 https://t.co/PBjWv93uXu,negative,positive
"Главному тренеру очень нравится игра новичка

https://t.co/B9afYJmoGF",positive,positive
@_carameldancen @kkrkkrt ты и я,neutral,neutral
@BangXiaoJie ты хочешь быть моим ребенком?,neutral,neutral
@rostyarb Я могу даже особый патриотический набутылочный поклон!,neutral,neutral
"@yunhoough а я угрожаю откусить печень, насть все нормально 🤝",negative,neutral
"@lit_tlemiracle Я не знаю как уже жить с ним, он слишком прекрасен",positive,positive
@jenyapoly @tvrain мы и с украинцами были одними народом...,negative,negative
"Так бля, карантин и грядущий пиздец конечно не прикольно, но то, что я до сих пор одинокий волк тоже неплохо грузит меня",negative,negative
"@AngelfishX Возможно, Драко вообще не будет заинтересован в этих отношениях? я не знаю",neutral,neutral
"Нашла у себя огромный плакат с Наруто, простигосподи https://t.co/W6T0sQhADH",positive,negative
"Чувствую скорый загон, поэтому пойду ожесточу сердешко, пока не поздно",negative,negative
@belyafnbr @gd1anna по факту это ее твиттер и она может делать в нем все что захочет,neutral,neutral
"#уджинпердун я решила поддержать, а то фанатики чистят",neutral,negative
@anatoliisharii А надо было как серб перед трампом ?,negative,negative
"@lm_sv12 Это Лунинецкий район если что, в Бресте ещё есть Белое",neutral,neutral
Что произошло за выходные. Главные новости РБК https://t.co/zEnyjGcF3l,neutral,neutral
я ухожу. она чигукер,neutral,negative
"@mallj_jk 🗿 русская музыка тоже ненормально (я в шутку, но как бы, говорить что музыка другого языка это ненормально, это ненормально)",negative,neutral
@LilianAesthetic Аналогично,neutral,neutral
"Помогите выбрать лучшего игрока в октябре! Голосуйте по ссылке ⚡️

https://t.co/cvvsUxzwhW https://t.co/JJ2dLlSNxP",neutral,positive
"@leaderguard НАМ ТУПО СЕКТА НУЖНА УЖЕ, АЛЛО!!",negative,negative
любимый зайчик https://t.co/9zKeZGAWrm,positive,positive
"@polsan91 наездник, может,сразу лошадь",negative,negative
@rep_mono_na_vek просыпаться так тяжко...,negative,negative
"@EKriskevich 17 лет, лучшие годы сейчас, не понимаю этой романтики по ностальгии",neutral,positive
Сейчас вспомнила что вчера перед сном думала про какой-то фанфик про Гныщевича (sic!) от первого лица,neutral,neutral
@mari_chan156 @philypapuga Подписываюсь под каждым словом,neutral,positive
@wickedfan2007 @Muthserra @just_our_star справедливо,neutral,positive
"@KoshavilM оо, а как назывался? я в детстве обожала такие истории, даже не сказать, сколько перечитала))",positive,positive
"@mudakoff Мне всегда было не понятно одно, они осознанно пиздят или правда настолько ебанутые?",negative,negative
"@__whitelies__ вот поэтому я говорю что 
✨мужчины это мусор✨",negative,negative
@hideandseekl всё ЭТО ПРАВДА БЫЛ ПОСЛЕДНИЙ,neutral,negative
ЗАДУШИ МЕНЯ ЭТОЙ ПОВЯЗКОЙ https://t.co/SjcJQRS4tc,negative,negative
"Только что узнал, что в конце первой части сумерек, в титрах, играет линкин парк. Извините, но это культурный шок",negative,negative
"Ну пипец, пары прощайте, я вас ненавидел и так. https://t.co/caT9AKAHkk",negative,negative
"Еееее, бессонные ночи в компании упоротых видосов!",positive,negative
@AngelNeo4 Нет я софт😔,neutral,neutral
Получил в глаз даже от кота.,negative,negative
"Как Лондон и Вашингтон создали Третий рейх
https://t.co/tQ6KMOPbAd",neutral,negative
@DeadArgentum666 РЕАЛЬНО,neutral,positive
как же я люблю эти повы с соулами)))) https://t.co/3dDNYwmzrp,positive,positive
"@izvestia_ru все ненавидят русских свиней)) бить будут, больно! если только бить..",negative,negative
@SKYYDEL Молодец! ☺♨️🎆,positive,positive
Канал не про путешествия… Швейцария. https://t.co/4tFZiH0EYr с помощью @YouTube,neutral,neutral
"когда-нибудь я начну разгребать этот завал... и заполнять другие альбомы 
когда-нибудь... https://t.co/AFVrzO3wp0",neutral,neutral
@kumo_dragonfly плачу,negative,negative
бля я не доживу,negative,negative
@yoonsofa_ ну как-то так,neutral,neutral
@spring_time_may @packet_of_juice Моя мама тоже не любит пельмени. ;),negative,neutral
@Youdisobeyorder Все ладно извени не злисб на меня....,positive,positive
@arctic_lanes @elenash5000 @quintocolumno А как же супы?,neutral,neutral
@ymili_ Жесть.... Блин я настолько шокирована что просто в шоке!! Совсем не понимаю что тут пишут,negative,negative
"@Kira_Rocknrolla Ты знаешь, а я успел-таки за него напиздячиться",neutral,negative
почему я всё ещё жива?,negative,negative
@fxxkpeach УЖАСНО НЕ ГОВОРИ ТАК БОЛЬШЕ Я ТОЛЬКО ЧТО УМЫЛАСЬ,negative,negative
ууууу су ка почему молоко так быстро остывает😡😡,negative,negative
она победила,positive,positive
@NedoelvesT Я над ним и ещё кем-то кого я не помню потому что моя память сказала нахуй мы будем запоминать это дерьмо...,negative,negative
"Вроде бы классно не заходить в соц.сети подолгу, но так лень потом читать и перечитывать что было в ленте",neutral,neutral
"@try_to_wake_up @bagatoditna_mat Сам себя назвал заебись, а теперь говоришь что то против этого https://t.co/bd2GORastD",negative,negative
@bouwgx ок☺️☺️,positive,positive
еще поспать или не стоит,neutral,neutral
@lena_step1 Не любишь ее? А я люблю),positive,positive
"Скучаю каждый день, что мы не видимся",positive,negative
@ikairika Нет.,neutral,negative
"@meh_seven Мы никогда не найдем ответ на этот вопрос...
...ПОТОМУ ЧТО ЭТО ОТ НАЧАЛА ДО КОНЦА НАГЛАЯ ЛОЖЬ!",negative,negative
@NovoseloVjach @SergUA63 @evilkiller107 у нас в Волгограде такое же,neutral,neutral
Наконец я нашла почти такую же ебанутую как я только она няшка а я чмо,negative,negative
Свердловских журналистов отдельно привили от гриппа https://t.co/jZ3iemBMSu https://t.co/GmQwdU9cay,neutral,neutral
@annika_zu Я надеюсь что у меня просто квартира кончится хд она д маленькая хдл,neutral,neutral
@Erwin_Chet Да куда ещё больше отдыхать то...,neutral,neutral
"@__Egorka88 Не завтра, мб на выходных",neutral,neutral
@kinnoying Значит да,neutral,neutral
@Yu_gemsa Слишком громко,negative,negative
@_toorushka_ хей 😼,neutral,neutral
@sasukemybf сладких снов моя соулмейтка,positive,positive
Продам дачу 60.0 м² на участке 4.0 сот 2160000 руб г Краснодар https://t.co/z4tZv7wlWF,neutral,neutral
"блин, это было крутооо! боже, я так рада, так радааа 😭💔❤️❤️❤️ https://t.co/EuqJBHbtJl",positive,positive
https://t.co/joDB8ealgy - смотрите информацию тут на сайте более подробно. Рекомендую их!,neutral,positive
Новый клип BTS посмотрели за два дня больше 117 млн раз – Газета.Ru https://t.co/gtIy5vdCxh,neutral,positive
@SwisssTalk @dvm_Moscow Со штаб-квартирой в Биробиджане.,neutral,neutral
@PisosKakVeselo Ура,positive,positive
@MatchTV Там же Малиновский щас в порядке полном...),positive,positive
я ей на др подарю!!,positive,positive
Трамп анонсировал появление у США «величайшего оружия в истории» https://t.co/e7RAGoXBfT,neutral,neutral
@navalny Предупреждал дурака не хуй разваливать государство вот результат,negative,negative
"интересный факт: смысла в клипах тхт больше, чем в твоей жизни",negative,negative
"В последнее время мне достаточно просто подумать о имени Джисон, чтобы начать улыбаться и смеяться до нехватки воздуха🥺🥰🌸",positive,positive
"Если я когда-нибудь заведу кошку и она будет такая же шизанутая как у @juferom, у меня не будет кошки",negative,negative
@sovsem_naprasno да,neutral,neutral
@kak_sdohnut @sashaagdb Понимаю,neutral,neutral
ммм щас бы случайно передознуться,negative,negative
@prostolapysya @AyupovRustam Я думаю после муравейника ему будет не до извращений,negative,negative
"@grunyasb @antoxatoxa0608 Теперь полиция буде отстанавливать и проверять маски. Не купил у Чемезова- штраф!!!Поперло, так поперло!!!",negative,negative
@dofvmin Опять работать:(,negative,negative
"@wwrrs_st @yyonndt Ах ты зараза, фиг тебе а не жоних",negative,negative
"Dreamcatcher рассказали новую историю в музыкальном видео «R.o.S.E. BLUE»
https://t.co/bEVxPjCmjR https://t.co/ajNcsxCSdF",neutral,positive
@gwynbleidd1992 я люблю тебя,positive,positive
📹 Климат меняется https://t.co/K37rEqdP6R,neutral,neutral
"@Breege_52 Научить, ага. У них же противоположный процесс идёт. Не научить, а забыть. Историю, логику, предков.",negative,negative
"Я попала в пиратский би тикток
👁️👄👁️",positive,neutral
"@vits2014 Эээ, как бы мы сами себя вытащили. И за «блага» мы как бы платим бабло, а не сидим на социале.",neutral,neutral
@ioannadenisova4 15 лет замужем епта https://t.co/knJTOkmIXt,neutral,neutral
"@KAMMI_LU красавица какая, и правда!",positive,positive
@RT_russian молодцы),positive,positive
@Vata_Vata_65 Это разминка),neutral,neutral
@kuro4kablat А как же правило 5ти секунд? https://t.co/6mWZY2hIdp,neutral,neutral
ну все чувствую начинает я тревожка из-за экза 🗿,negative,negative
боже думала никогда больше не вернусь в свой универ и вот я снова здесь потому что нужно для подружки сдать все документы для защиты диплома,negative,neutral
Так хочеться😊 https://t.co/S1bFwJHl5E,positive,positive
@KermlinRussia разве медленнее ?,neutral,neutral
@ssssssscorpio ТЫ СМОТРИШЬ,neutral,neutral
"подписан на никсельпиксель, только чтобы когда она закроет акк сливать все ее твиты, поэтому моя лента - куча левого дерьма",negative,negative
хм а это идея,positive,neutral
@EmilEmrali эхх..кусочек бы щас🤤😋,positive,positive
"Боже, у меня такая плохая база получилась, это ужас какой-то",negative,negative
я скучаю по тем временам когда абсолютно все в фандоме шутили про джейсона деруло,neutral,positive
"Я: *наконец-то выбралась из кучи дерьма, которое подкинула жизнь*

Жизнь: https://t.co/BTmJoxdMek",negative,negative
Я не смогла купить серьги с черепашками 😭,negative,negative
"Проснулся - потянулся.
#nara #shikamaru #naruto https://t.co/RCpQCNW4GH",neutral,neutral
а текст про саперную лопатку был на экзе по русскому или литре?,neutral,neutral
нечего добавить https://t.co/L9eBsxQxXo,neutral,neutral
"@inosmi Фрицы уже не единожды пугали  , после этого долго заикались...",negative,negative
@myafli Мы с @DollyKeiiy  тебя полностью поддерживаем!,positive,positive
@PuimekSter самые прекрасные,positive,positive
@mintwonie Чта,neutral,neutral
"""я скорость""
#мемы #юмор #жиза #memes #Russia #Россия https://t.co/iRKT22u4aj",neutral,positive
@UrgvRazvedka Что? Мы накануне большого шухера???🙊,negative,negative
@sassy_eff чшшш дети познают мир,neutral,neutral
@Grusharu Конечно,neutral,neutral
я просто бездарь блять ну нет слов сука,negative,negative
После чего они начали новый тур который завершился 27 июня в «Tokyo Kokusai Forum Hall A».,neutral,neutral
ну давай въеби мне https://t.co/U6BtXwqHbz,negative,negative
"@Glukoska Извени, я случайно 😐",neutral,neutral
"@infomoscow24 @HUG0_01 всё идёт к тому, что скоро на первом выступать))",neutral,positive
"мои ховошие рампопо я их люблю🥺💞
#bsd https://t.co/F0kjvLulPC",positive,positive
"@ksu_jj смотрю уведомления с вк, думаю, что надо идти в душ и спать, а то что-то рубит сильно...

а ты?",neutral,neutral
@kapechtuanie и это говоришь ТЫ https://t.co/bq9wyyOod2,neutral,negative
Новый товар в моем магазине на Ярмарке Мастеров https://t.co/oerIkEjsi4,neutral,positive
@fuckicantrelax Ну у меня тоже бабушка. 🗿,neutral,neutral
@funestus_ а может это кэн нлурьес?,neutral,neutral
@tothemoonandfuk Я бы всю жизнь на твои уроки ходила 🥺,positive,positive
@Kn_yzKovbas ковбаса на деревьях растет?,neutral,neutral
"как говорила Гермиона ""страх перед именем только усиливает страх перед тем кто его носит""",neutral,neutral
@scabutNAVY @Romannoff781 А то я не вижу?,neutral,neutral
@ludmela58 @galamm11 @ura_ru Ещё один деятель,neutral,negative
"Скончались еще два кыргызстанца, заразившихся коронавирусом. Всего — четыре https://t.co/vUfKH3Bvxd",negative,negative
"@E7TeHVjFCRAuFJw Может быть. Но интересно то, что сон повторяется часто и в течение длительного времени🤔",neutral,neutral
"@callmesaykal интровертка, но я последние 5 месяцев сидела дома и как-то 🚬🚬🚬🚬",neutral,negative
@yoongimysweety я не знаюююю😭😭😭😭😭,negative,negative
Экс-президент ФИФА о смерти Марадоны: Бог позвал Диего домой https://t.co/26TuVHdrmX,neutral,neutral
ЯЯЯ ТАААК РАДА ЕЕ ВИДЕТЬ,positive,positive
"@AgMirych @ks130862 штопор реально кайфовая фигура, петля Нестерова --нет, а штопор--да!",positive,positive
Пришла на местную тусу https://t.co/e1YqObBHBj,neutral,neutral
@SynPapin Нехило заморочился.,neutral,neutral
@Voljanin3_0 Почему ты не можешь ответить на вопрос? Он же простой. https://t.co/lFRxGtAsU5,negative,negative
@tuluuna и тебе🥺💖,positive,positive
ПУТИН ПОСАДИЛ НАРОД НА КУКАН! РОССИЯНЕ ЗАВОПИЛИ ОТ БЕДНОСТИ И НИЩЕТЫ https://t.co/TCYGlt7x0z с помощью @YouTube,negative,negative
"@white_explosion явно, да)",neutral,neutral
ркально заебала ну глисты и глисты у него че бубнеть то,negative,negative
"@___amethyst_ вот да, хз какая ситуация конечно там, но бля все равно сидите уже на месте, нет..",negative,negative
@Maher_Traher @navalny У вас отдел оригинальности закрылся ?,neutral,negative
"@wauflee Лично я собиралась с духом целый день, отрыла старый аккаунт и ворвалась. Кстати, посылаю любовь💕💕",positive,positive
"@__Alexxxandro__ @gabetss так, полин, я бы на этом твите задумался",neutral,neutral
@makuhaze ЧТО ЬЛЯТЬ???? МАРИОЛА????,negative,negative
@Marsiyanka228 ВОТ ТАК СМОТРЕЛ НА ЕГО ПОЯВЛЕНИЕ https://t.co/7Ug3ZR5kfE,neutral,neutral
доброе утро блять https://t.co/JDm69mgvew,negative,negative
@Bubi_Hyung_ МОИ ЛЮБИМЫЕ😭😭🤍,positive,positive
@tvjkmin ооо да,neutral,positive
"А ещё я люблю пальто, чего уж там",positive,positive
@moyshasheckel5 @Graf_CbIP Может вы оба ещё и трусы не носите?,negative,negative
я прочитала такое красивое ханахаки...,positive,positive
@deadjane666 Бывает!,neutral,neutral
"Вопрос
Чем заняться сегодня?
У кого-нибудь есть варианты/предложения?",neutral,neutral
@M_Simonyan Ебанулась совсем,negative,negative
@N3TE46GBtRd70zM Я восприимчив к окружающим :с,negative,neutral
@funAnalytic ХВАТИТТТ https://t.co/L4LWfI7dd0,neutral,negative
"@Zhra2012Zhra @Telemaster68 А они, по ходу, при каждой маломальской проблеме, тянут новые.",negative,negative
привет мы тут на вас из ленты попялим https://t.co/pjqjP4RNG4,neutral,neutral
"@proseccogirl98 это я так твои фотографии смотрю, Анечка!",positive,positive
@Go65Me Чего?,neutral,neutral
ГОСПОДИ КАКОЙ ОТВРАТИТЕЛЬНЫЙ ДЕНЬ ВСЁ ЧЕРЕЗ ЖОПУ ПРОСТО НЕВОЗМОЖНО,negative,negative
@ghost_of_a_deer Я мне каково? Как я спать теперь буду? 😑,negative,negative
@hronahosino Обидно блин(,negative,negative
@abatsia Нагадить и свалить - вся суть борцунов с кровавым (ну а каким же ещё?) режимом,negative,negative
"Показала маме эскиз тату которое иду бить, она сказала я больная",negative,negative
@inkvizitoro Эээ... а какой она должна быть у государства?)),neutral,neutral
я скоро отключу уведы от всех когда играю Я ПАЛЬЦЕМ НАЖИМАБ НА УВЕД И УХОЖУ ИЗ ИГРЫ,negative,negative
@marierchel1 @13tucha Нет,neutral,neutral
Гулаг Россия вышла на 2-е место в мире по числу заболевших Covid-19 за сутки https://t.co/dqZ9Hggp8l,negative,negative
Успевать сдавать работы в срок☺️☺️☺️ а их было восемь🤩 сука 🤩штук чтобы не войти в список тех у кого автомат 🤪🤪🤪,negative,positive
"Интересно, мультик поднимет мне настроение...",positive,positive
@da0zhang мне жаль,negative,negative
"#клубромантики 

я люблю его. https://t.co/PNZlXfy7ux",positive,positive
@kapets_ как можно есть НЕПОСВЯЧАННЫЕ???????,negative,negative
"В честь того что я скоро буду делать вот 
https://t.co/x0n0QdrpvK",neutral,positive
зашибись у меня заболело горло,negative,negative
"Ну и да, кто в кресторию будет играть, го в друзья #TalesOfCrestoria https://t.co/nt1wE5jwCr",neutral,positive
@Graf_CbIP @ragnarek66 @athin66 Ты у нас на допросе орать будешь.,negative,negative
➡ Юрий Дудь и Little Big покорили сердца зрителей YouTube в 2020 году https://t.co/oilJ40iheD,positive,positive
"Вы знакомы с работами Евгения Винокурова? У меня нет слов, чтобы описать, какие чувства вызывает его поэзия.",positive,positive
"@votetopsina ИЛОНА 😩❤️❤️❤️
ужасно жду лета!!!!",neutral,positive
моя и пак чимина ♥️ https://t.co/N6yrDcdmTj,neutral,positive
Судак.                                           Тудак. https://t.co/elVyVR4221,neutral,neutral
"Еду в такси а тут сначала был игл ай черри, а сейчас бритни!",positive,neutral
Как прекратить ебошить везде кислотную кислоту,negative,negative
@dontlookmeclown Ясно всё без нас https://t.co/xqDapRyNve,neutral,negative
@powerpuffluvv я думала это все актрисы 😳,neutral,neutral
"Громкий вброс Соловьёва, опровержение со стороны КПРФ https://t.co/hbLWOHvoP2 #левые #лейбералы",negative,neutral
@skvoter 150 хватит,neutral,neutral
@mistylyli согласна😍,positive,positive
@Miradora @eb_mphyj Что ж сразу бедный? Может ему нравится?),neutral,neutral
@0Ohayou БОЖЕ ИЗВИНИИ,neutral,negative
"@Skuratov69 Позор власти, не оказывающей поддержку артистам!",negative,negative
ну да ну свадьба с учителем среди мертвяков че сразу тьфу-то... https://t.co/u6J6hAxSzc,negative,negative
@mago_sonador Она сооооолнышко,positive,positive
"@AbuseTheTruth по-моему Вы не высокого мнения об окружающих, но других у вас при вашей жизни не будет, или они вас совсем не интересуют?",negative,negative
У меня 1000 подписчиков на YouTube! #1kcreator https://t.co/odsHwIOqD0,positive,positive
Памятник герою Советского Союза Арнольду Мери осквернили под Псковом https://t.co/qAvXuV7Vc6 https://t.co/HBepeCWJp5,negative,negative
@WH10bt @Anri__Tina А к традициям мы привязаны крепко...,neutral,neutral
"@lIl__muna__ @kpop_asiangirl хех, я просто объяснил матушке, что использую маты для придания большей эмоциональной окраски своей речи.",neutral,neutral
"Сегодня фотографировал дементоров, но они застеснялись и попрятались за высотками :с https://t.co/xbZGH6xwWI",neutral,neutral
@govoritmsk камчатка съела рафаэлку,neutral,neutral
"грамотная речь, аккуратный внешний вид, хорошая физическая форма, соблюдение правил медицинской этики и деонтологии, корпоративной культуры.",neutral,positive
"@SKV2002 Тогда нужно искать сразу двух гт, чтобы летом сменить того, кто сейчас сменит Тедеско.",neutral,neutral
"Усердно думаю над тем, что бы сделать быстро закос на Анастасию. Потому что могу.",neutral,neutral
@taefuckmeplz @tinklli СТОП ЧТО Я ДУМАЛА ПРО МЕНЯ,neutral,negative
"@egormcqueen7 @anuscopie @ibfk2014 Да, жду ответа, мистер.",neutral,neutral
@E_Kustov У него как раз служба закончилась.,neutral,neutral
Стоп че мне приснилось как родители из моего брата сделали какао и оно было ОЧЕНЬ вкусным?? 😳😳😳,neutral,neutral
две минуту до fesты,neutral,positive
"@Baron_Tarkin @hovrashe А кто сказал, что это непральное восприятие?",neutral,neutral
@SVETALANAKIM Я тоже похудела сама не зная как,positive,positive
@yaoruakasuka Да!,neutral,positive
"А дети из-за этого ноют или орут в ответ за что на них начинают орать ещё больше 
Найс блять избегаю стрессовых ситуаций",negative,negative
@CDdtiybr Металлурги?,neutral,neutral
блять у меня еще может стоять Н в журнале СУКААА,negative,negative
@squirrel_punk Вот это многоходовочка,neutral,neutral
В Хабаровске арестовали поддерживавшего Фургала координатора штаба Навального : ЗакС.Ру : новости Федеральные https://t.co/vUVQo2Wzj3,neutral,negative
"мать: ты вчера во сколько лег?
я: как обычно
мать: рано утром?",neutral,neutral
"@StalinGulag Белорусский уголовник получил по заслугам.Придёт время и ты своё получишь.Тоже по заслугам,недобитый власовец...",negative,negative
@ooshhhp даже если кольца почему на разных руках.,neutral,neutral
@else_java Хаха,positive,positive
"- встретим конец света вместе 
- ты настоящий романтик

слова которые хочет услышать каждая женщина",positive,positive
@lokidgarden ыхазхвхвх мне там 14 что ли,neutral,neutral
@vdavydovaa лучше бы был первым,neutral,negative
@prof_preobr А теперь пусть сделает генетический тест и узнаёт кто она на самом деле. :) хотя и так все ясно.,negative,negative
"@uprav_dom Блдь, сволочи, я 4 часа так просмотрел https://t.co/aaSZxwb39c",negative,negative
@SverhDerjava Я не знаю чего мне больше хочется... Рыдать или в комнату ярости сходить и раздолбать там всё нафиг,negative,negative
"@OrtoDogge Ну по матчасти любое внимание с интимным подтекстом - харасмент, и привет.",neutral,negative
Блять обожаю когда люди выносят свой негатив на всех и при этом считают что к ним должны нормально относится 😒,negative,negative
@VarenieT @great_knee разный вкус в зависимости от группы крови и резус фактора или вообще у каждого своя уникальная кровь на вкус?,neutral,neutral
"Наконец-то у меня бинго!!!
Хотя бы где-то https://t.co/YZeHhGnxWD",positive,positive
@themotherofcat марк..ну понятно,neutral,neutral
вот это конечно я много взаимодействую https://t.co/IltOmVYBmm,neutral,neutral
"@kpopdoran @lolseji ПОДРУГА, ТЯЖЁЛАЯ АРТИЛЛЕРИЯ-ЭТО КОЛИЧЕСТВО ТВОЕЙ ПОДПИСОТЫ...",negative,neutral
@moonammin чонгука 190811 не существует ясно.,neutral,neutral
вырастет хорошим танцором https://t.co/bYC4YWKBBr,positive,positive
"Тот факт,что у меня в закладках только порно и стихи Блока не может не радовать 😌🚬",positive,positive
@susuwuma я тупая игнорируй((((,negative,negative
@spacelordrock @StrannikXX1 Обожаю это город !,positive,positive
@jamie__jay Возможно*,neutral,neutral
китаянки правят миром https://t.co/IiLptftIMo,neutral,neutral
@fly_with_a_wind я те отвечаю это всё окн виноват https://t.co/it0clUYEcO,negative,negative
"@furious_spartan Жутенько, если честно.",negative,negative
"Чувствую себя максимум ахуенно
Желаю всем хорошего настрояния и всякого хорошего ну того чамого 
Да всем споклйной ночти",positive,positive
@minyoongiepta2 Я ЖДУ,neutral,neutral
"Работающие новосибирцы старше 65 лет могут уйти на больничный до 19 апреля https://t.co/HNWyLZAOOH
#nsk",neutral,neutral
@grouse_hard аче так красиво???,positive,positive
ФАЛЛЕН МС = ВИННИ ДЖОНС,neutral,neutral
"Берите в лифт зубочистки: Галкин показал необычный способ защиты от коронавируса
https://t.co/Gw0PpILENf",neutral,neutral
"@kristinaboyar Ты чего фигню всякую постишь, где #нюдсочетверг ?",negative,negative
@erichshutup мы разбудили монстра,negative,negative
@xginniez даш у меня челка 😭😭,positive,negative
Меня подстригли не так как я просила я в истерике,negative,negative
"Продам землю 2478.0 сот 50000 руб р-н Усвятский р-н Куньинский, Кунья https://t.co/7ZNUWIALuI",neutral,neutral
@uriyana_yuku сосочки такие 😍 очень люблю твою динамичность поз!!,positive,positive
пока получается только второй вариант,neutral,neutral
"@vdsarkisyan если бы я понимала, что значит 7 ААА",neutral,neutral
"ладно хоть есть время подумать до мая, но я чувствую что сорвусь",negative,negative
@light_spectra состав?.........,neutral,neutral
Я ненавижу эту дораму https://t.co/TcaFhEbMfw,negative,negative
@lanju_twt МНЕ СТЫДНО,negative,negative
Все так! https://t.co/NsiHIJWljO,neutral,positive
@bespokoyna . МНЕ ПРОСТО НЕЧЕГО СКАЗАТЬ https://t.co/raUCGm5PUG,neutral,negative
@Liana_Akinya Сестра 🤭😉,neutral,positive
целый день сплю https://t.co/ZNt8qwFONr,neutral,neutral
@ace_loves_youuu дохлой крысой без башки назвать нахуй,negative,negative
@chichuchachoche Ого кто появился,neutral,positive
"@bpstan24365 А мне кажется, оно максимально отстойное, там очень много тем именно по войне, а я такое не люблю",negative,negative
@noaiirr окей ладно,neutral,neutral
@63media_ru Так кто нарушает ?,neutral,neutral
"@luutoshi плюс два года еще и угадала, 22 😌",positive,positive
@Katerin29721982 уааау💗,positive,positive
@olezha_twt смотря как скоро дедлайн по проектам и какой объем работы в них 🥴🥴,neutral,neutral
"@fancy_116 О Господи, это же тьма, сошедшая со Средиземного моря накрывает ненавидимый прокуратором город 😱
Жуть. Это где такое?",negative,negative
@SpectrumZx @jusdepoubelle И куда,neutral,neutral
@esmi_el Дикаприо случайно,neutral,neutral
"@badabumsss Пхпх, ладно)",neutral,neutral
помогите. делать курсач или порисовать,neutral,neutral
"Особняк принадлежал первому мужу Камиллы.

https://t.co/IFNDiZycn6",neutral,neutral
@bbhsun_ что это,neutral,neutral
"@etoneya3412 @Sidny_Show Пап, дай леденец?",neutral,neutral
"@bLianaaaa Я також творю хуйню, тому давай творити хуйню разом🤝",negative,neutral
так я ещё и забыла о сегодняшнем выступлении,neutral,negative
@eumurrer ЧТо? КаК?,neutral,negative
Деловая Москва — О деловой жизни столицы https://t.co/wJcXuiLdhx,neutral,neutral
@by_pidor ты дура блин?,negative,negative
@YourLovingEnemy сэд только давай не увлекайся прошу мы всем селом за тебя переживаем,neutral,negative
@new14328035 Мурку давай )),neutral,positive
@Libertylures @Kartoshka_kofe @DPihtoo Ладно.,neutral,neutral
"@bigbossbauer @OdinNaOdin Да хочешь со мной, просто стесняешься попроситься в пати. Знаю я тебя.",neutral,neutral
@melksshake Фак офф просто,negative,negative
@dyston1a ((((( ты,negative,negative
@SoleilSo20 Навальный с Соросом,neutral,negative
ахахахаха 😂 https://t.co/42lSzNY79L,positive,positive
"не хочу писать сочинение так что пойду лучше спать
всем споки споки всех люблю целую обнимаю🥺👊🏻
https://t.co/N6MJnEUYZN",positive,positive
Как же хочется пивка,positive,positive
@LisiAngel_Luise какая миленькая✨,positive,positive
у меня не получается научить ричи голосу потому что он не гавкает на вкусняшки :),positive,negative
@Kis__Modar Прочитала его голосом конец твита😂,positive,positive
"когда зарядила телефон до 100 дабы посмотреть сериал, но в итоге лежишь и смотришь тикток😍",positive,positive
девочки давайте обниматься,positive,positive
@1suckedmefucked БЛЯТЬ ЭТА КАРТИНКА АЗВЫХЫХВХХСХСХАСХСХ,negative,negative
"сегодня отец спросил "" какая от тебя польза?"" 

ну что ж, действительно, какая от меня вообще польза?",negative,negative
"@sith_toxic @Fea_no_Hroa @dsspntmnt_af всё, сезон открылся https://t.co/bxvVPK0brD",neutral,neutral
@kloynw @kifffr да-да я,neutral,neutral
Маск  [rusvesna] (video)Прототип межпланетного корабля  #Илона  #Маска взорвался при испытании двигателя (ВИДЕО) https://t.co/3Rgk1lbolC,neutral,negative
"УРА ДОББИ СВОБОДЕН

#straykids #straykidsgo https://t.co/ga7k7Yghnq",positive,positive
@i_korotchenko Зато пришли Ельцин с Путиным и это оказалось хуже.,negative,negative
Поскорее бы всё это закончилось и с хорошими работами🏺🛡️😹 https://t.co/qFw0rbwpJa,positive,positive
@lamonesuch Прям откровение,neutral,positive
@Blurieface_ В АМЕРИКУ)),neutral,positive
@remplazm Сравнение сралина с человеком в априори некорректно.,negative,negative
@ULY4SW1FE у меня подруга думала что бтс это только чонгук и чимин 😔,neutral,neutral
"А что если.... буква Ё просто пассив, а Е её активный близнец?",neutral,neutral
@jopka_ogurca @vulnerablekidd @kinda_eboshiki я недавно нашла седой волос у себя в брови И Я ДАЖЕ НЕ ШУЧУ,neutral,negative
На смене статуса места учебы в вк моя обязанность как студента заканчивается https://t.co/hxz0Hhx8VO,neutral,neutral
а нет. я перепутала время,neutral,neutral
Фильм «Талантливый мистер Рипли» ахуенный. Теперь хочу в Италию кататься на яхте(,positive,positive
@ElenaPutina1 @kostopuz695 А мужики там точно будут? https://t.co/xXmLteKLB5,neutral,neutral
А ещё я просто люблю эту гифку и готова её пихать везде,positive,positive
@seokminchwe чизкейк готовила и химию решала,neutral,neutral
Надо сделать рейтинг кто из нас самая тупая дурочка,negative,negative
"Я ж что-то хотела сделать -.- 
Собиралась.. и.. и.. не помню 😥",neutral,negative
господи я так замерзла.,negative,negative
@jjsijjss ТЫ УГАДАЛА,neutral,positive
Пять минут напряженно пытаюсь понять почему у меня одним способом цикломатическое число равно 7 а другим 6,neutral,neutral
"Хочу собственный дом, как минимум, для того, чтобы моя собаченька могла резвиться на заднем дворе, когда ей захочется ❤",positive,positive
@BTS_twt лучшие мальчики💜💗,positive,positive
@Graf_CbIP @shipovniks @kachtanyi Ох нихуя себе... Не видел эту фотку 😍,positive,positive
"@roseamortem ты помнишь
тебе нельзя",neutral,negative
закрываю глаза и вижу шпагат на рыбалочке,positive,positive
@arman_oryndalad Это я еще молчу про климат,neutral,neutral
Что должно происходить в голове у человека который в 21 веке называет девочку Лиза или Нина,negative,negative
А теперь я смело могу назвать ее своей подругой и вообще очень люблю ❤️ https://t.co/FcOPkG12Y0,positive,positive
"""Есть еще один аргумент"". Переврашему историю немецкому послу должно быть стыдно

 https://t.co/MGJUKduq4X",negative,negative
@natvoril Вся суть экономики заключается в кривых спроса и предложения.,neutral,neutral
"накипело уже, я не кайли дженнер чтобы оплачивать себе дополнительные гигабайты, но я все равно их покупаю потому что по-другому никак.....",negative,negative
@wwww_wwwww__ майки так подходит этот голос ...,positive,positive
"@CupOfGreenTea5 10, а ты?",neutral,neutral
@osaakji прощай.,neutral,negative
"Окай, почитал комменты - вроде это образ (кому-то проиграла стрим без улыбки). Ну окай.",neutral,neutral
а еще у меня болит горло. ну класс,negative,negative
мне правда интересно как у вас проходит карантин,neutral,neutral
"Недорогой эвакуатор автомобилей в Самаре 
https://t.co/LvC9Gd6vtu https://t.co/ViGtHAGfkT",neutral,neutral
Пашинян коснулся назначения нового заместителя директора СНБ https://t.co/30P5ULnHvm,neutral,neutral
"@tvrain вывод: карьера до замглавы АП - хуета, ищите неработающую тещу",negative,negative
@SensitivePorn Классик,neutral,neutral
Ебаный чайнаюик опять тебя ставить да ты заебал,negative,negative
"Ресницы наращиваю только на август 🤷🏻‍♀️🤷🏻‍♀️🤷🏻‍♀️🤷🏻‍♀️🤷🏻‍♀️🤷🏻‍♀️🤷🏻‍♀️
Второй год подряд",neutral,neutral
"@ATEEZofficial Но я люблю тебя любым, главное будет здоров!! 🥺❤️❤️❤️",positive,positive
Коллекторов могут обязать общаться только с должником… https://t.co/DHKINOXsw5,neutral,neutral
ОХТЫЖБЛЯТЬ https://t.co/azoH6rMiEe,negative,negative
Блин карантин https://t.co/4Jxb3P1fWq,negative,negative
@ddaawwoogg @coffeeforunnie БЛЯТЬ ВСЕ АНИТА Я ТЕБЯ БЛОКИРУЮ,negative,negative
"я ж не прекращу это закидывать

#триггер https://t.co/0PVViwZWle",neutral,negative
@cuggxa Мы так и делаем. Когда сами видим.,neutral,neutral
@tvoes4ast Я с 30 лет начну зожить как все алматинцы бегать на марафонах в фиделити ходить в горы,neutral,positive
СЗАО СКВО: Сельхозпредприятие СЗАО «СКВО» в обороне: рейдерский беспредел на юге России https://t.co/DwqO1sgEx7,neutral,negative
@typoe09 НЕ ПИЗДИ У МЕНЯ КОНТЕНТ,negative,negative
@ioannZH @radionavlive А самолёт полякам уже отдали?,neutral,negative
"Обновление магазина
https://t.co/Oetuub8ufg #ЗачётнаяМосква https://t.co/O8ESh6zKdY",neutral,positive
"@hanjisunnng нет, 11",neutral,neutral
"Продам 3-комнатную вторичку 49.0 м² этаж 3/5 3500000 руб г Свободный Северный район, микрорайон С... https://t.co/mCh3BcI2Og",neutral,neutral
"Скорость тырнета на Билайне - Аш голова кружится!!!
https://t.co/MRZlRG9dng",positive,positive
яяяяя закончила собирать пазлы наконец-то,positive,positive
Ё 💕💕💕 ӝ,neutral,positive
Оооо пирожок #танціззірками,neutral,positive
@altvnya ути какая малышуля,positive,positive
аня из 2016 заказывала разные милые штучки с синнамонроллом откладывая деньги со столовки https://t.co/nK64tiMPf8,neutral,positive
"У МЕНЯ РОДИНКА ПОД ЛОКТЕМ, Я ТОЛЬКО СЕЙЧАС УВИДЕЛА, КОГДА РУКУ ХУЙ ЗНАЕТ КАК ВЫВЕРНУЛА.",negative,negative
а че люди правда думают что отмена сд как-то поможет ситуации или что?,neutral,negative
"@21_evak На красивых, поверь.",neutral,positive
@bespokoyna Да все хорошо хд ❤️,positive,positive
@Arinakos Сексотка,positive,negative
и кушать уже хочу тт,negative,negative
В Новомосковске проходит выставка военной миниатюры https://t.co/H7p12WDzxJ,neutral,neutral
"боже в моем тик токе видосы с эйтиз, ребетяяяяяя я в Раю",positive,positive
"@EMisstery Ну, там был хэд странный",neutral,neutral
"@spritenyoongi Но почему, малышка? Ты же супер, все справедливо!!!",positive,positive
@nyuta_twttt шок,negative,negative
@vesti_news @tvrussia1 Зулейха ссыт в глаза,negative,negative
я фрик((((,negative,negative
@hahaha_hahi карие глаза и красные волосы🗿но если считать натуральный цвет то темно русые,neutral,neutral
@TaLa_0402 @matreshka_07 Ирис 👍,positive,positive
СЧАСТЛИВ???? ДА У НЕГО ВСЯ ЖИЗНЬ ПЕРЕД ГЛАЗАМИ ПРОЛЕТЕЛА ВЫ https://t.co/JDYKMaBsrP,negative,negative
@vkozulya ни одного феминитива в должностях участниц. Вы серьёзно?,negative,negative
@Slesar21 @watermelonONK А я бы Павла поставил выше Иисуса. Без его пиар кампании про Иисуса забыли бы через пару лет,neutral,negative
@tass_agency 750 миллионов в минуту !,neutral,neutral
голова болит,negative,negative
@monstersandwing ну вот вспомнил,neutral,neutral
"@volkova__v @bouvierrussia Он, прочитал, но, видимо, не хочет, чтобы ты приехала.",negative,negative
вся лента в этой новости ну нет верните меня в прошлое,negative,negative
@ColdCola81 уууу моя девочка,neutral,positive
какие красивые девочки у тайлера https://t.co/OxZrYTiALt,positive,positive
Su ka где мой гадс меню? https://t.co/J1hFHXcke3,negative,neutral
@quakexwinter Блин теперь нельзя голосовать за я/Джемма 😔,negative,negative
впервые делаю эдит за это время 😭,negative,positive
"хочу новую зубную щетку, такую же красную, как и трусы тэёна  https://t.co/FQ4eUMZKoE",positive,neutral
@kkkkkkkkkkkk38 @ododecembriste Я ЖЕ ГОВОРЮ НЕ СЛУШОЙ,negative,negative
#Телефон Сантехника Палисадная улица https://t.co/2kxrYrutwm,neutral,neutral
@blue_elfik Да,neutral,neutral
Хочу убить себя,negative,negative
"хочу помидор
но я не ем помидоры😐",neutral,negative
@O_Kras Везёт. Я со своей динамикой здесь гость),positive,neutral
@biiinnni_ @changkyun_uf Не дышите,neutral,negative
"Я как тот Атлант ,что на своих могучих руках держит черепаху ,которая держит на своей спине целый мир .
И не получаю за это даже спасибо.",negative,negative
@jekDanielss ты ещё кокос чистить начни,neutral,negative
"@Chandlockick кстати, я тоже собираюсь начать его читать",neutral,neutral
"@sheffchenkoyuri Свобода- понятие относительное. Сейчас свободен,через пять минут выносишь мусор.)",neutral,neutral
"@MrVlad06 @1937987e Чтим, Гордимся, помним... Виват Герою...",positive,positive
"@tttconc Съешь со сметаной и так не будет казаться, ххх",neutral,neutral
"@Rika_cchi Ого, я не знала что в Москве оно есть.. 😌
Осталось пережить карантин и оказаться в Москве, лол",positive,positive
@404notfoundead_ дада хдд,neutral,positive
@ebisbyhorse у блять я не филолог но готова отпиздить за такое,negative,negative
"@ErshebetD шашлыки..ух, не из собачатины, надеюсь?",negative,negative
я шерлок холмс https://t.co/W10McPOI6q,neutral,neutral
@rentvchannel Неубиваемое яблоко?),neutral,neutral
"Я сразу после того, как создал Лунара: https://t.co/JPT5uN9u3h",neutral,positive
Только что опубликовано фото https://t.co/v9zHJKzciK,neutral,neutral
@tutby Свои тридцать сребреников надеюсь все участники получили?,neutral,negative
"Скупила 5 пиздатых томов АТ и просто ХОЧУ ЕЩЁ,НО ПОНИМАЮ, ЧТО НЕ УВЕЗУ.",neutral,positive
"@_sa_m_u_rai_666 После 25 вообще теряют до 60 процентов волос, вроде",neutral,negative
блин удобно наверное иметь близняшку можно увидеть примерную себя со стороны и понять кто врет камера телефона или зеркало,positive,neutral
В этом году начнется ремонт единственной федеральной трассы Камчатки,neutral,neutral
"@Qv7ektkumizgtQp Так это вы вчера по асфальту на лыжах хуярили? Не признал,соррян.✊",neutral,negative
@jenoyaaa6 что тебе снилось?,neutral,neutral
На самом деле я ловлю уруру с этого облачка.,positive,positive
"Уснул в 3, просыпался посреди ночи пару раз, потом уснул в 6 и проснулся в половину десятого.
Класс)))",positive,negative
ХВАТИТ ПОЖАЛУЙСТА Я ПРЕДПОЧИТАЮ ЧАЙ БЕЗ НАСЕКОМЫХ,negative,negative
@pepsy_cola_ Какая лапушкааа,positive,positive
@ardent_glory @dinwxi но.......,neutral,neutral
"@w90HAzb83A6j60O Почитаю.
... Ещё раз.",neutral,neutral
"@MBKhMedia Это онанизм, а не хоккей",negative,negative
Адекватные цены на прочистку канализации https://t.co/NZ8aQr9QAZ в Воронеже. Обращаться по телефону 8-951-552-04-61.,neutral,neutral
ПАКЕТИК ПОМОЩИ ОТ БЕСПОМОЩНОЙ ВЛАСТИ https://t.co/fsPTMr7S7V с помощью @YouTube,negative,negative
"@agggression Ахаха, БОжЕ ДА",positive,positive
Точнее этот мини обзор выложить в сторизы,neutral,neutral
Как сережки https://t.co/EGFypqPede,neutral,neutral
"@sir_Fisherman Это вы не по адресу, мон ами. Я специалист по тому што не слышно.",neutral,neutral
"@EbaniyToxic Первый день в пту, пойду спать на парах",neutral,negative
"Да мне опять очень плохо и очень грустно
Как можно быть столь неинтересной персоной, что всех твоих знакомых хватало максимум на пол года",negative,negative
@An4r2 @glubinniescrepi Ты чем там? Я тоже хочу😂🤘,positive,positive
@undeadpeach1028 у меня нет столько нервов 😄🙌,negative,positive
"не успела купить игрушку, как уже придумала на что буду копить дальше. 100 тыщ? уже кажется фигнёй.",positive,positive
Кадр дня: Сан Саныч на карантине  https://t.co/Acm8ZWLVXX https://t.co/xMgNQ9kRMR,neutral,neutral
"Оделась я такая и мне говорят что сейчас обществознание исправлять, ну как бы....",negative,neutral
строю теории вот до чего уг довёл,negative,negative
Прохладная ночь,neutral,neutral
и это все - радфемки.. причем даже не половина.. пиздец..,negative,negative
Что такое интимное и где его начало? #первичныйбульон,neutral,neutral
@deadendforasuka @OrJeka @kusachiy_ Не я уже ответил на них,neutral,neutral
@nenyzhnayaa Ты тоже смотрела¿¿¿¿¿,neutral,neutral
@johnlock_9 у тебя?????,neutral,neutral
@byp_v_nosik ПО ЮНМИНАМ БУКВАЛ НО СОФТ ЕСТЬ,neutral,positive
Надоели эти мысли!!!!!,negative,negative
@Hawk71Hawk Протупила),negative,negative
"@slavagt @elena_izbana заглавие опроса надо было хотя б под циферкой ""0"" включить в опросник...",neutral,negative
@latiniano А почему вообще такой вопрос? Разве есть возможность отказа?,negative,neutral
"ето было страшно .____.

https://t.co/e8lX3CLZyK",negative,negative
@emlnva_t прям как у нас в группе бывало,neutral,neutral
"Иосиф Кобзон на могиле Высоцкого на Ваганьковском кладбище, 25 января 1981 года. https://t.co/OjN02Dondg",neutral,neutral
@suga_lovesu Я заварю чай тогда,neutral,neutral
@kotonokkuro Восьмое чудо света - наступление лета в заполярке,positive,positive
"Вот так всегда
Вижу у себя в подписчика на рабочей инсте красивых парней, а они либо заняты, либо школьники",neutral,negative
*ревет как сука* https://t.co/qwezV7WiDr,negative,negative
@rostik_tlenov какая-то дичь https://t.co/FwaoVjMRrX,negative,negative
@peachnigabitch ты умница!! 🥺,positive,positive
Богиня какая же она прекрасная https://t.co/PZZuQoATXJ,positive,positive
смотрю багровый пик и пытаюсь уложить в голове что вот это чарли ханнэм,neutral,neutral
да и снова я надеюсь что все те кто просто унижал их пойдут нахуй &lt;3,negative,negative
@radfemgodiesbby @milaclownessa @yevvie_ да)),neutral,positive
@tanyu_chan у них расизм -это притеснение черных. гнобить белых тупыми протестами - не расизм. он у них только в одну сторону.,negative,negative
@alleqmi ты че серьезно думаешь что я сейчас буду отвечать на это все,negative,negative
"@4sbATcclTF691C9 вот что значит, когда чужой народ у власти. И русские люди, мужчины, виноваты в первую очередь",neutral,negative
@xjeezx @rosya_why двойной голландский с музыкой,neutral,neutral
"Где-то тогда я поняла, что не могу работать с теми, кто младше 15-16 лет. Просто. Нет. Спасибо.",neutral,negative
башка пустая ноль мыслей,negative,negative
@ne__bulochka__ Хмммммммммммм. Не знаю.,neutral,neutral
"блин так классно дружить с кем-то в классе, кто делает дз💪😃 https://t.co/sr3DYS9NjL",positive,positive
"А еще тут есть девочка моего возраста
Но что то мы обе не этого не того то го",neutral,neutral
@HromadskeUA Новый (более глобальный 🤏) опрос показал другую статистику - уже 136%! 😃,neutral,positive
БОЖЕ ОТЕЦ КАМИЛЛЫ Я БЛЯТЬ СНОВА ПЛАЧУ ЧТО ОНИ ДЕЛАЮТ,negative,negative
"хочу чипсы

#NCT #NCTDREAM #JISUNG",neutral,neutral
"блин я оченб хочу что-то подобное набить связанное с бантанами, тхт :((( https://t.co/7JddDFUwGl",neutral,positive
"@Maharinsky @tsipor_dror Порядок тоже был. Причем как больничный распорядок, так и внутри были свои групки, свои негласные правила.",neutral,neutral
@busy_back_ Луи Томлинсон https://t.co/502utxpYfS,neutral,neutral
@AnnaOnTheRock Когда на Леппавара жили?,neutral,neutral
@minimize_048 Ща,neutral,neutral
поставлю будильники и спатки,neutral,neutral
@KHUNAGUEROSEKSI неееет тыыы как ты можешь так думать ты же такое солнышко не расстраивайся https://t.co/HCkfXz5XAp,positive,positive
идёт какой-то массовый анфоллоу от меня или чё такое вообще¿?,negative,neutral
"@taelleria Я бы купила,на месяц можно раскошелиться, дешевле вк вроде",neutral,positive
"Так и хочется выйти на сцену Олимпийского и произнести «Хеллоу, май нэйм ис Илюза, анд тудей ай толк эбаут май бизнес»",neutral,positive
@_yglerod_ Это скорее признают все,neutral,neutral
Ой блин. 6й конечно же (когда уже тут сделают редактирование),neutral,neutral
Только что опубликовано фото @ Reyna on King https://t.co/Cd3lxXG6DZ,neutral,neutral
"щас сидел пытался отгадать чей глаз в конце в клипе изи в сепии....
а есть ответ где нибудь",neutral,neutral
Глава Роспотребнадзора: ситуация с коронавирусом развивается по оптимистичному сценарию https://t.co/6qtW44sQG1,neutral,positive
"Итэр, грустно смотрящий вдаль, думает о бренности бытия без Люмин

#GenshinImapct https://t.co/crNqfqSQSx",neutral,negative
"Найди 10 отличий, так сказать https://t.co/5kSTPDmh3H",neutral,neutral
"ВАО вошел в тройку безопасных округов Москвы в 2019 году
https://t.co/8c5j5QMCrH https://t.co/rDFYp6gGOk",neutral,positive
@inuzuka_boy Ты не Тобирама одумайся.,neutral,negative
"Кто-нибудь, подарите мне батл пас в радуге. Не хочу тратить на него деньги, так как он не окупается",neutral,negative
@_crazycoyote_ Автору нужно окончательное решение кросспольного вопроса? Или что?,neutral,neutral
"I just posted ""Божественная литургия в среду 7-й седмицы по Пятидесятнице (видеокамера №2)"" on Reddit

https://t.co/RHTPEMCRC7",neutral,neutral
"Здесь мы не могли отступать ...!

Великая земля - Россия!",positive,positive
вздох из-за того что я ничего не успеваю чувствую себя тупой😃,negative,negative
@harizmapohuizma Ты чего творишь?🤤,negative,positive
"@hyi_so_rta Всё сбудется, и 1 и 2😁😁😁",positive,positive
Я И ЛИНА ОТВЕЧАЮ https://t.co/C7tA9bq25M,neutral,neutral
@Panda_Liya_ Забыть.... 👀,neutral,neutral
@noctambulanta @silentcryinyour возьмите меня как третьего лишнего пж,neutral,positive
"@claramih Твиттер и подсовывает, за них же платят, вон жежешка одувана-варламова и прочую гнусь пиарит",negative,negative
ЖЕСТЬ Я СЕЙЧАС ЗАПЛАЧУ ПРЯМ НА УРОКЕ,negative,negative
"@smr_sovet_r Это не новость ! Это инициатива лишь, которая не пройдёт никогда ! Так шо не переживай",positive,negative
"люди, которые так сильно хейтят чанбэков.... что с вами не так?",negative,negative
@woosungmydaddy 😭😭😭ОТСТАНЬ😭😭,negative,negative
@gogolovesme Как раз мечтаю о пирсинге😊,positive,positive
@clover_laika Речка (и локация в целом) Минск напомнила,neutral,neutral
@multycheese Тяжелый случай,negative,negative
Ещё пять сказок о зверятах – Игорь Дасиевич Шиповских https://t.co/0wbMGLcayI,neutral,neutral
Преемники полицаев и карателей против потомков красных партизан https://t.co/sVpCER0yQv через @YouTube,negative,negative
На каждом шагу мне врешь,negative,negative
И мне три поставили,neutral,negative
Я оценилa городскую новинку «Электробусы курсируют уже по 33 маршрутам» в проекте «Активный гражданин» https://t.co/dWohQOi50z,neutral,neutral
@halloween_stel ХАХАХАХАХАХАХАХА КАРТОФЕЛЬНАЯ СЕКТА СТРАГГЛ ТВИТС,positive,positive
"@reimeess Как вы это находите ! Я даже не нашёл этого , мое любопытство би лайк",positive,positive
@nikita_je_nu @ohscheissse Не одна!!! Сосать!,negative,negative
@ussspenvas Не. Сегодня. Самое то.,neutral,neutral
в общем у кого там когда-либо было желание быть мною связанным или отхлестанным обращайтесь сегодня самое время https://t.co/9IzdWcEbRi,neutral,neutral
"Экономия на коммуналке: как отключить услуги, которые не используются - РБК Нед https://t.co/RK2pV0JcY3 https://t.co/akRy1AwjPp",neutral,neutral
"В Минпросвещения заявили о единичных случаях коронавируса в школах


Ситуацию...
https://t.co/NNYjP3mIdD https://t.co/SiC4RuIw4d",negative,neutral
мальчики невероятные ...,positive,positive
Американский дальнобойщик вложил в тюнинг в 5 раз больше стоимости тягача https://t.co/FRUj68XOx4 https://t.co/CEDVepm5YS,neutral,neutral
@skzstanner красный,neutral,neutral
"@BlinNika Ну ёпттвоюмать, я не буду переделывать",negative,negative
"@krasnogorr @drinkins_ @Other_ti_pidor Маздоводы-геи, да",negative,negative
@Cockroaches_Top @dobryfey @ikairika Надеюсь за это платят,neutral,neutral
KLM частично возобновляет полеты в Европе https://t.co/XbEgRh1aCC via @CFTS_UA,neutral,neutral
Минфин рассказал о будущем льготных ставок по ипотеке https://t.co/5llQgT9seH,neutral,neutral
"Пил я чутка и то пиво, мне нужно было пообщаться с друзьями и то мы больше работали",neutral,neutral
@yellingbun @sourgodfather Куда глаза глядят,neutral,neutral
что сделала то сделала,neutral,neutral
"мне
нужен
доён в костюме вирта",neutral,neutral
@totsamylysy Закрыл финансовое окно,neutral,neutral
Я испекла батон ))) https://t.co/nXOqRMdXSR,positive,positive
"пизда, еще и деньги с карты спиздили)) https://t.co/1p8dLUXmf9",negative,negative
короче в пизду вашего дворецкого там стекло нахцй,negative,negative
"@8Wedma Прям, муж🤔не верю , я пробовал. Получилась баланда😂😂😂",positive,negative
"@Zefirni_chel ГОСПОДИ, ДА!!!",positive,positive
@twentymooon “В метре друг от друга» да😆😆,neutral,positive
"В Китае оценили происходящее в Белоруссии

  https://t.co/KkgwkbQoSG",neutral,neutral
ура! https://t.co/0lZGaP5IAc,positive,positive
@pohyi__nahyi У меня немного ниже поясницы,neutral,neutral
"@elcapicc У меня так тоже было, потом само пропало 🤷‍♀️",neutral,positive
@beforethefcver мне правда стало легче будто бы окончательно отпустила эту историю так что да 🤧💗 спасибо за тёплые слова 💗💓🥺💞,positive,positive
"Всем привет, я не умею кратко общаться с преподами и устраиваю с ними целый чат на почте. https://t.co/50grqj62Sf",neutral,neutral
мне в принципе комфортно {': сама с собой веду беседу,positive,neutral
Веселые карусельки)) https://t.co/RI9JWDt33x,positive,positive
"5 утра
Мне сейчас так хреново, что я сижу возле унитаза та жду когда меня вырвет. Да здравствуй чипсы на ночь",negative,negative
"Полиция проверит руководство «Нестле-Россия» на причастность к краже земли НЛМК 

https://t.co/jCKbgIvueJ https://t.co/fKamONAwTq",negative,negative
@captainalinchus такие дела,neutral,neutral
@ish_fire Галстук-бабочка? 🤔,neutral,neutral
@_Courtliness_ Напишу💚,neutral,positive
В селе Беломестное Новооскольского ГО обнаружен #взрывоопасный #предмет https://t.co/9QYtIiN32h,neutral,negative
@lyipuksmb тогда ты знаешь что делать,neutral,neutral
КАКОЙ НАХУЙ БЛЯТЬ МАЙОР КОГДА ТУТ ПИЗДЕЦ,negative,negative
"@Dobrokhotov И главное, что это ни одного ветерана или внука ветерана не возмутит. И никакого дела о клевете не заведут.",negative,negative
@simps_barton Я за 11,neutral,neutral
@Akutagawa_love Уйти ещё на 1 курсе из меда,neutral,negative
@yeosangcrush А мне в шк в 10:30 😗✌,neutral,neutral
"Теперь когда выхожу из дома на долго и оставляю вейп на столе, чувствую себя голым. Хд
Типа, я же привык.",negative,negative
"@aslanygh Вообще не думаю. Наверно, задумался после этого и пересмотрел своё отношение, иншаалла. Заодно решил не напрашиваться лишний раз",neutral,neutral
@FLareosh Ох уж эти подростковые не хочу жить,negative,negative
@Goldhend22 @AndriS_1128 @5Lilit @ikairika Бывает гормональное,neutral,neutral
Во Франции проведут расследование вспышки коронавируса на борту авианосца https://t.co/TwaBGDkeT6,neutral,neutral
@weesnodea ПИЗДА,negative,negative
Опубликован прогноз на матч Оренбург - Чертаново: https://t.co/WtuL4zihIy,neutral,neutral
@yaniczkayad Последний раз в мае была 😄,neutral,positive
"Больше всего разврата, кстати, почему-то именно там...",negative,negative
ура рисую https://t.co/LH7minnwbO,positive,positive
@ENHYPEN_members СУПЕР КРАСИВЫЙ,positive,positive
@biminni да😇,positive,positive
@natchoi_ да ладно я почти ничего о тебе не знаю,neutral,neutral
"С одного бала на другой! Утомительно, но крайне занимательно!",positive,positive
Моя закрытка @blockforu  приглашаю 💆🏿‍♀️,neutral,neutral
"Очень спасибо @EchoMskRu за формат дебатов. Сегодняшние конечно немного стыд, но вообще политические дебаты – это прям круто.",positive,positive
@haruhi_tyan *надежда*,neutral,positive
мой пухан просто насквозь с::::💔,negative,negative
"Да что ж это такое
Опять волнение внутри",neutral,negative
Создать массив из 14 элементов https://t.co/07a7Wqf6aS,neutral,neutral
"белка передаёт, что хамон отлично заходит https://t.co/0zA42ld1En",neutral,positive
представьте Хуа Чена с такой серьгой...😳 https://t.co/9M9s0caj6p,neutral,positive
@chunghamygff Я была бы не против🥺,neutral,positive
@lustforcookies @Jet_Clapton Не в курсе...,neutral,neutral
@heyanastasiia ахахахаахаххах,positive,positive
"@Mike_respects_u https://t.co/w1zRwWMoE2

Даёт чудесную возможность выпендриваться словарным запасом)",positive,positive
что такое этот ваш кпоп я знаю только сережу лазарева и его красивые глаза,neutral,neutral
вообще я думала что у неко наколенники пристёгиваются к трусам😭,neutral,negative
НАСТЯ ХВАТИТ БИТЬСЯ ОБ СТЕНЫ А ПОТОМ СТРАДАТЬ,negative,negative
В Ростовской области составили более 230 протоколов о нарушении режима самоизоляции за сутки — РТ на русском https://t.co/egLL82EsiH,neutral,neutral
@kulebaff почему сложно? 😿,neutral,negative
@BoyarynyaZ @slabeevetra Я бы на месте бабушки рыдал не из-за котят а из-за того что у меня уродливая шлюха вместо внучки,negative,negative
@No_names____ Я просто очень люблю читать твои писюльки. Чмоки,positive,positive
"Прошлым летом «Рабочий край» начал прокладывать первый ивановский арт-маршрут. 
https://t.co/RRPTqyeQKx",neutral,neutral
"@tuktuk5999 Ладно,  щетай что пришли, тока город хорошо бы?",neutral,neutral
Все мы - совершенны. И все ситуации в нашей жизни - совершенны.,positive,positive
@_nikotin__ А то,neutral,neutral
Кадавры Ковида ВВП https://t.co/snn0GC32nn,neutral,negative
@urgerkin @RenatoKzn Оно уже давно плавает,neutral,neutral
"Реакции Питера на результаты выборов
мэр Джона Джеймсон                   мэр Уилсон Фиск https://t.co/h7avsRzI9j",neutral,neutral
Я лох,negative,negative
@istoleurbitches А как же кушац поменьше?,neutral,negative
@sugaronurmommy Мы еще и не смотрели ни разу,neutral,neutral
"@SunshineReggi Это правило действует и на массмаркет, и на сегмент миддлап. Поэтому все равно мне странно",neutral,neutral
Заставьте меня уйти спать я хочу это сделать уже часа 4,neutral,negative
@piyan_buriyan может лучше стоит попробовать с ним поговорить..?,neutral,neutral
я кажется просто в целом забыла про такое явление как би-сайды..... блять пиздец я забыла как стэнить группы-то,negative,negative
@ur_softgirl Что-то мне дурно стало. Какая же он мразь. Когда он уже получит по заслугам?,negative,negative
@CulturalBaby ты лучшая ок???? вообще даже не отрицай 😡😡😡😡 я тебя люблю,positive,positive
@NastyaSk6 Я умру прям там на ви го,negative,negative
"Интервью с разработчиком
https://t.co/CWfL2Instl",neutral,positive
учитесь 🤤,positive,positive
@tacos219 какая прелесть😍♥️😍♥️😍♥️😍♥️,positive,positive
"@grrr_17 не, так не работает",neutral,negative
"@zeroreroreroch Не знаю, почему такой разброс, но или Мелоне, или Наранча, хех",neutral,neutral
я не хочу писать курсовую,negative,negative
@chuuyara_tyan ОКЕЙ,neutral,neutral
@HistoryFoto А Конкорд летал:),positive,positive
@ShionZero я хочу увидеть тебя в юбке🥺💕,neutral,positive
"Насколько актуально использовать рамки на фото в инсте в 2020?  М? М?
Если что, вопрос риторический. Я знаю, что ни насколько.",neutral,negative
"@ischadiye___ada ага, фух, аж попустило",positive,positive
Что лучше бутылка пива или валерианка,neutral,neutral
@yagodalesnaya возможно педик именно ты. Поэтому?,negative,negative
"Керчанин наловил рыбы в Азовском море на 300 тысяч » Керчь.ФМ - вся правда о Керчи, новости Керчи: https://t.co/arv5mhttPI",neutral,positive
В Иране от коронавируса умерла депутат Фатима Рахбар. Её избрали в парламент страны нового созыва на выборах 21 февраля 2020 года.,negative,neutral
когда пришли мы все иноязычные испугались и ушли,negative,negative
"@Ana_noona98 будь осторожна, ты что!",neutral,negative
@viazyyy хотя может мамины потрачу,neutral,neutral
"устраиваюсь завтра работать в колледж
это что, теперь все аккаунты в сетях делать закрытыми?...",neutral,neutral
"@Joseph_Seed66 Иш, вы какие инфантильные! Майдан придёт, и всё сделает за вас.... Не придёт Майдан. Не ждите.",negative,negative
@4hM3cGuD5slkXbL @Shivanochka Т9 сука! А ты посвисти! Они и откликнулся. Туда не иди!! Ну как то так!!,negative,negative
@alex_bgm Так сенсационное расследование Миротворца же),neutral,neutral
"Сейчас мне сказали следить за состоянием и если будет все ещё хуже, то скорую надо вызывать",negative,negative
"Женские ошибки, искажающие форму лица https://t.co/iip9quGRtZ",negative,neutral
@Ne_Chayka поч,neutral,neutral
"У афтора жопа мозга
/минус гомосексуальность/ https://t.co/W0lO3z3Nyy",negative,negative
моя новая подружка https://t.co/twf6zDT84s,positive,positive
Ходить по ленте и пытаться угадать фамилии это лучшее развлечение на сегодняшний вечер,neutral,positive
Просто песня хорошая...😊https://t.co/3NuJ3oZeAw,positive,positive
"В Орле изъяли и утилизировали около 65 кг недоброкачественных рыбных деликатесов
https://t.co/UZl1eP9Rke https://t.co/DfdL6P0CKD",neutral,negative
эта талия??,negative,neutral
"@NikkiFuture @therusfed Можно спросить ""не хама""?
*В п...у  Вам лень* ? А в куда не лень?

** Так в статусе написано",negative,negative
"@Gonego6 Апхахах,я не одна такая в этом мире 🤣❤️",positive,positive
"более чем на 20% снизился транзит газа через Польшу. Запуск «Турецкого потока», официально состоявшийся 8 января, не меняет общей картины:",neutral,negative
@hibi_ku_bara Мой батя святой человек. Очень люблю его :),positive,positive
а все уже..,neutral,negative
@toky_sleepyhead Я сама очень переживаю 😓😓😓😓,negative,negative
"мне стало хуже чем вчера))) 

https://t.co/8LS1z6TBAQ",negative,negative
В России началась 2-ая пятилетка импортозамещения. А что с первой? https://t.co/SCF57lIIDh через @YouTube,neutral,neutral
@kirillmenko98_ @196yralo4ka Мелкий бизнес видимо рушится🤷‍♀️ На Швецию прям молится,negative,negative
@stupid_hoeSI ДА,neutral,positive
"@bun_mad Не смотрю фильмы, не комментирую актеров. Все просто",neutral,neutral
@tw_moonchild КАК НОЧЬЮ СПАТЬ БЛЯТЬ,negative,negative
@martkoshka0603 замужем?,neutral,neutral
@Ne_Glycine о да ты вроде рассказывал,neutral,neutral
@souslecoeur приходи на рандеву купим тортику,positive,positive
"@iziumco Мне кажется, они со мной останутся, даже если я 50 кг буду весить 🤦🏻‍♀️😂",positive,positive
Милота☺ #впечатляет https://t.co/vnKkRenA7W,positive,positive
@b_ochka так я не поняла КАКОГО ЗУЯ,negative,negative
@nikola_skeij Блин тут очень плохо слышно но стоило бы сделать запись на диктофон,negative,neutral
ситуация конечно интересная но как я планирую проснусть завтра утром и сделать все что хотела,neutral,negative
@PURPLEWHALEARMY Милота🥺,neutral,positive
@Euphorialife7 дыыы🤗😋,positive,positive
@nvrwhr там все нормально они такая дисфункциональная НО СЕМЬЯ а в сериале..... трагично,negative,negative
@yourfinalsin @acid_beer О нет они нашли меня *скрывается в лесу*,neutral,negative
@nastya__twt_ НАСТЯЯЯ ВАУ,positive,positive
Когда ты ебаная нищенка и смотришь игрофильмы на ютубчике https://t.co/8v6iqK2fWd,negative,negative
Только что опубликовано фото https://t.co/HYxhVc66ig,neutral,neutral
@Dr_Mozgoprav Это какой канал?,neutral,neutral
@Ren34646816 @pimin_ugh ужас,negative,negative
они сказали мне закрыть рот и не ныть я поняла,negative,negative
"@serge7volovi у меня в шаговой доступности ТРАМВАЙНОРЕМОНТНЫЙ ЗАВОД, а вот химчистка далековато)",neutral,neutral
"@death_is_invtbl @KevinRothrock Можно примерно вычислить период полураспада ""либерального"" СМИ",neutral,neutral
@lil_mirai Даже лучше,positive,positive
"@bbcrussian А на каком рейсе это должно было произойти, там же на колбе должно быть подписано.",neutral,neutral
"@mari_kbd04 Я некоторые из этих комментариев видел вместе с кодом, к которым они относятся, и они отлично к нему подходят.",positive,positive
"@kukutz @aalien Заинтригован, попробую!",neutral,positive
Нарооооод! Есть кто разбирается в матеше?,neutral,neutral
@downalaska Да 😂 норм петушара,negative,negative
"@Hnx5popxbHm9cca я, которая вспомнила, что краш постоянно так делает.......... oh my",neutral,negative
На чей концерт ты хочешь попасть? (из всех сущевствующих и уже не существующих певцов) — чемодана https://t.co/OqFY0ZMhiE,neutral,neutral
@u_gashii да я тебе уже и так проспойлерила все что только можно так что сильно жопу не готовь,neutral,negative
@astrasmorg может панельку из манги редравнуть....,neutral,neutral
"Наше солнышко 😭☀️

( Вспоминаем эту смешную сцену во время съёмок 😂 ) https://t.co/NcWux6X650",positive,positive
"Продолжаем рубрику ""истина из уст окружения""
""-коронавирус - не повод писать бывшим""",neutral,neutral
Сергей Лавыгин женился на своей возлюбленной Марии Луговой ... Подробнее на сайте: https://t.co/H7AMi1vJkN,neutral,positive
Пять месторождений «Укргаздобычи» истощены более чем на 80% https://t.co/8jXxhHWPtU https://t.co/2iXUIBnS1k,negative,negative
А что вы везёте на ужин? https://t.co/ktxbGBIvOT,neutral,neutral
@nowbabyletsride @_mbalooks_ @seallllllllll ок. хуюша.,negative,negative
@mayoonniz ты на работе тогда была,neutral,neutral
Я лежу и у меня просто в голове ЛАЛАЛА из make room! нонстопом,positive,neutral
@bookazoid_ @zhlobyara @kh_drift @panibratchik Я думаю эти весы до сих пор в работе на рынках в ЛНР https://t.co/tPnzsBQwso,neutral,neutral
"Агапэ - любовь не требующая ничего взамен,тип безкорыстной любви самоотдачи https://t.co/QDMM9jf8aR",positive,positive
"@platonpetux нет ну так-то фнаф жив

неиронично люблю эту серию",positive,positive
"Часы проходят и заносятся нам в счет.
Марциал",neutral,neutral
"Тред о том, как унизить человека и заставить его страдать",negative,negative
"Я кончено люблю числа. В совпадения. 

Но чтобы настолько картина поменяла всю действительность - это конечного мощно",positive,positive
"Какой-то маньяк постоянно пишет мне сообщения и, похоже, хочет довести меня до самоубийства😖 https://t.co/rJRPAtUPal",negative,negative
@ache_rar А ПОЗДНО УЖЕ ПОХОДУ,negative,negative
"@borrdellerro Не, как то так.🥃🥃🥃🥃🥃🥃🥃🥃🥃🥃🥃🥃🥃🥃🥃🥃🥃🥃🥃🥃🥃🥃🥃🥃🥃🥃🥃🥃🥃🥃🥃🥃🥃🥃🥃🥃🥃🥃🥃🥃🥃🥃🥃🥃🥃🥃🥃🥃🥃🥃🥃🥃🥃🥃🥃🥃🥃🥃🥃🥃🥃🥃🥃🥃🥃🥃🥃🥃",neutral,neutral
"Половина моей ленты пересматривает наруто 
И мне пересмотреть что ли 🤔🤔",neutral,neutral
@azat166 Особенно их schawarma просто 🔥🔥🔥,positive,positive
@batmanovd_ru У них же вполне официальный ребрендинг и реннйминг был при выходе на европейскую часть России,neutral,neutral
"Продолжаю потихонечку вникать в варгову ролевую систему, мне прямо очень. https://t.co/DOAscksbo2",positive,positive
@PlayAdoptMe Вау круто,positive,positive
"@dimsmirnov175 Я считаю , что надо как в Швеции !",neutral,neutral
"@grey_pank Ну, мне угрожали...",negative,negative
@rshnkvch2 Ну я иду полюбасу главное чтоб пропустили ....,neutral,neutral
"Ну и ладно, ну и похуй",negative,negative
Чемпионат четырех континентов 2020 по фигурному катанию https://t.co/raIKOAGyD1,neutral,neutral
@antonsemakin А ты думал что?,neutral,neutral
сделала этот очень модный кофе в общем-то прикол,positive,neutral
"@WBecouse Я кстати громче могла, но это уже стрёмно было",neutral,negative
"@smallmingi Заболел, не будет на фс сегодня",negative,negative
@moonwrackspurt аааа блин боже я ужасна проститеее😭,negative,negative
что ни год то проебы мои то подарки приходят слишком поздно то я забываю про друга 😃😃,negative,negative
сходили погулять щас сижу и чет совсем без сил,negative,negative
@vvoonmi ммм обалденно,positive,positive
@chansbaby_girl плиз они даже не знают о чем поют тк это англ версия 😭,neutral,negative
@RT_russian Это очень страшно))) что это за страна? Сша)),negative,negative
Мебельные опоры регулируемые недорого с доставкой https://t.co/tgjgA8CQfP,neutral,neutral
"Нормально отношусь ко всем людям
Кроме блять приятного ильдара",negative,negative
настолько плохое зрение что даже не вижу кто у меня на аве клас,negative,negative
"@belteanews Нас, как баранов режут",negative,negative
на паблик какие-то не анимешники подписываются мне страшно,negative,negative
я могу написать целый тред с анализом себасиэлей и своих мыслей по поводу их отношений но мне лень,neutral,neutral
@damnokjko с чего ты взял Артём,neutral,neutral
@Shevvaaa зай сделай мне умоляю😭😭😭😭 https://t.co/GDCSs2Ykkd,neutral,positive
не знаю как я к этому дошла честно,neutral,neutral
"Я удалю тебя из друзей 
Я выкину свой телефон",negative,negative
"Я конечно не тренер по гимнастике, но*вот это прогиб*😏😍 https://t.co/lJm6EI4hhM",positive,positive
"Реакция моей мамы на экран блокировки:
- Это кто? Мелкий Лукашенко? Что? Катя, ты ненормальная?
#колялукашенко #Лукашенко #лукашенкониколай",negative,negative
@ondamrx Слово*,neutral,neutral
@peachy_trigger ... в Монополии?,neutral,neutral
"@svirsky1 Когда в Сирии насыпают турки, самое время спросить""что там у хохлов"".",negative,negative
"блять проебала кусок текста из аудиокниги
заново что ли пускать",negative,negative
@babymol_twt мне нравятся цитирования,neutral,positive
"а еще я смортю немо, да",neutral,neutral
"@8peefg Ну вкус необычный, предупреждаю сразу
Из всей моей семьи она понравилась только мне😂😂😂",positive,neutral
@LuVi23782193 Аахах,positive,positive
@mitrofanbelov Реквием по мечте,neutral,negative
@xing4enlovesyou (да простит меня сичэнь) да поел,neutral,neutral
Как нам двоим провели интернет в дурку @moriartymustdie https://t.co/IVrntwohj9,negative,negative
"Так если серьёзно рассуждать, то моя к тебе любовь нахуй не твоё дело вообще-то",negative,negative
"философия от деда так и прет
уважаю",positive,positive
"@NiaBonk Да все нормально, я до сих пор себя впечатленным чувствую, ахаха. :D",positive,positive
"Арония черноплодная — совсем не рябина #сад 
https://t.co/qvcvwf26OG",neutral,neutral
@mint_yoogiya подружка написала кое что 😭,neutral,negative
ФНС ужесточит контроль за доходами самозанятых в следующем году  https://t.co/LTkmvP5EWZ https://t.co/1X602a0sDV,neutral,neutral
"Погода на 3 апреля - кого согреет весенне солнце, а кому ждать снега https://t.co/E8N1moHukx",neutral,neutral
"Какой ресурс, такие и эксперДы 🤣 https://t.co/DzIIRdTOmi",negative,negative
"@NaSvaziDyra С ним лучше не пить, он и так долбоеб, а если ещё и бухой, то тушите свет🤡🤡🤡🤡",negative,negative
@PravdaRu Гульфиковая зона,neutral,negative
@itssanlee ДА,neutral,positive
"@fancies4ncore ты её изобрела, так что ты первая 👊",positive,positive
я кто.,neutral,neutral
"@xy_krasnodon Ты долбоеб, который пытается переписать историю.",negative,negative
тред вайджи артисты как боги ЖИВЫХ выступлений,positive,positive
@uwujeo вот именно...,neutral,neutral
@codfo18 Привет.что там в Региной? Сисечная такая деваха)))),positive,positive
это однодневный движ ок простите,neutral,neutral
"Коротко о том, что может быть если буду чьим-то сожителем.
Желудок на это спасибо не скажет. https://t.co/YNP9frhjoc",negative,negative
@LEV1sGF а что это а где это посмотреть,neutral,neutral
закончу уник и подамся в хиппи,neutral,neutral
@aupshvrya приглашаю присоединиться (?),neutral,neutral
Я НИЧЕГО НЕ ПОНИМАЮ АХАХАХААХ https://t.co/OnjVzSzyPB,neutral,neutral
"@dankaloool Я в «а»,но пошла бы к тебе😎",positive,positive
@kristinaboyar Я могу),positive,positive
@spritenyoongi я была там с начала но просто не активила а потом бадамс 😎,neutral,positive
@alex_smetanin_ @v_kozuh Тогда чего мы ждем?,neutral,neutral
"Байкальское землетрясение. Что за этим скрывается
https://t.co/2mtD89lUIH",neutral,neutral
@veniyamin_abrik Это что за район?,neutral,neutral
@ErnestMakarenko Ты ебанутый или просто мудак?,negative,negative
"@newkc14 Убитые им люди были достойны что их убили,а этому 
уроду надо было жизнь сохранить???",negative,negative
"@_sasukedaisuki_ я не знаю что сказать просто
💕💕💕💕💕💕",positive,positive
@inception_time потому что эти песни становятся похожи на секту...,negative,negative
"Причем настолько серьёзно ,что начинаю плакать и задыхаюсь и еще хуже.",negative,negative
"@Dmitriy62248938 они что, должны будут котлеты вместе жарить что ля?",neutral,neutral
"@exollskx да-да,щас прям мы тебя и отпустили,ага",neutral,negative
после трех часов на пилоне я даже не орущая биомасса — я кряхтящая биомасса.,negative,negative
"@ru_rbc Никто им не мешал работать пока они не раскрыли под чужую дудку рот по вопросам, которые не относятся к IT...душить, однозначно...",negative,negative
"как же мне хочется вступить в какой-нибудь фандом, но все кроме гп кажется мне скучным :(",negative,negative
"как же мерзко на улице кто б знал 
я два часа в зале потела а вы меня теперь на улицу потеть гоните",negative,negative
"#OnePiece

Без понятия, кто автор, но это божественно https://t.co/LwHt0xiQpR",positive,positive
@povlina___ ок у тебя тоже,neutral,neutral
тоби и курама софтятся конец света близок да,negative,negative
@softbaby17 это джек из его история 3: ловушка !!,neutral,neutral
@Lolzuli_70 &gt;норм ответа. жопосракоебная букашка была унижена видимо.,negative,negative
"@tsaryov78 @BJIAD @VRSoloviev Немчастный, несчастный Мудозвон",negative,negative
кому надо те зайдут,neutral,neutral
@soobinmyboy КАРИНА КОРИЦА САМАЯ ДРАГОЦЕННАЯ ДЕВОЧКА УВУ,positive,positive
"@marg0sh1a На тебя пописали муравьи, и ты это попробовала?",neutral,negative
@satvrns_ тоже самое :(,neutral,negative
я даже не удивлена что они снова в одной машине https://t.co/UK0KYxVQFO,neutral,neutral
"3) кико, был рон-рон в фильме и белль в 4м сезоне",neutral,neutral
просто представьте с каким лицом чанель узнал о выходе второго зверополиса. просто представьте..,neutral,positive
мне опять писать про ромашки веснушки https://t.co/jJc6GahSgj,neutral,negative
@linnwell_ че за херня мне выпала https://t.co/TFnPiENGyQ,negative,negative
@deulicoe Я ещё чтобы типо не заболеть бегала домой менчяла САПОГИ с ТУФЕЛЬКАМИ СВОИМИ каждые минут 15 лол,neutral,neutral
"@SergeyIvanov11 @kompolk По-вашему, победы не было? Это обман вселенского масштаба?",negative,negative
"@dihlyafan Я тоже тебя люблю, солнышко",positive,positive
@farewell0821 я понимаю тебя мы должны держаться вместе😩,positive,negative
@clxav ясно нас с юанной в этом доме не любят,negative,negative
Повторный тест не подтвердил вирус у прилетевших из Таиланда сахалинцев https://t.co/MDzkC916AJ,neutral,neutral
@nakonjce997 дааааа,neutral,positive
"Господи, Чжухони
Наш малыш улыбается 😭😭😭😭😭",positive,positive
ДШРГ «РУСИЧ»: начало - рассказ Алексея Мильчакова https://t.co/erey9s3IUV https://t.co/dGzNji83CP,neutral,neutral
"@ScienceCanon Я боюсь червей и змей!
Как эти фобии называются?😱🥶",negative,negative
"молодец,ты на месте",positive,positive
"хочу быть богатой дамой, чтобы не задумываясь платить за книги/фильмы/музыку/любой крутой потребляемый мною контент.",positive,positive
"я настолько конченный, что купил гречку с доставкой от перекрёстка.",neutral,negative
"История японца, который пережил два ядерных взрыва и дожил до 93 лет https://t.co/LR31Y2r3bP",neutral,neutral
"Новый груз Люберцы - Гомель,сырье навалом, c 28.10.2020, https://t.co/BWQSoOka8c",neutral,neutral
@cosmoxxxi Я ТОЖЕ ХОТЕЛА ЭТО ЖЕ ЗАТВИТИТЬ РЫДАЮ,negative,positive
@channelone_rus Вы ебанутые там в Москве?,negative,negative
@AllaPirumova Он как Беззубик от мира котов,neutral,positive
@mulanblua @huening_kai_ayo не трогала я чанбина,neutral,neutral
@ddaddy_joon вы друг друга стоите 😌,negative,positive
Goldman Sachs ожидает падения EBITDA нефтяных компаний РФ на 30% https://t.co/y8dhUNxdOC,neutral,negative
@thekold_ я влюблён 😻😻🏳️‍🌈,positive,positive
"@_black_krolik_ @darisold пиздец, да...........",negative,negative
"@_just_fall_ нет, надеюсь у тебя все хорошо, ты хорошо учишься, и делаешь лучшую версию себя, ты крутая",positive,positive
Тогда я выбирала между профессиональным спортом и тусовками с долбаебами,neutral,negative
@sharijnet Для байростатов качают бля буду,neutral,negative
@krisbruq @slava_daylight Итс тру,neutral,neutral
@Bjorktobe @mista_Vint @dimkaberlin Какие ещё буржуазные? Одна ванна на всю семью! Как и слив унитаза раз в сутки. Очень экономно!,negative,negative
"Почему люди так агрессивно реагируют на отрицательное мнение, которое сами же спросили?",neutral,neutral
@_yglerod_ Это называется деконструкция (наверное) ты все делаешь правильно,neutral,positive
Страшно хочется гематоген,positive,neutral
@Cinichnyj Нормальное состояние,neutral,neutral
@vikamonovishnya Ты тоже лучшая 💕💞❤️,positive,positive
@___BRZ она там сделана лучше всех персонажей вотб реальна,neutral,positive
"но типа суть в том, что мне вообще некому было поведать об этом, та и к тому же я нифига не уверена в том, что чувствую, ю ноу.",negative,negative
"@crazy_huezy @Ultimate_Puddle Твое поведение зато это делает, как я понимаю.",negative,negative
"Жизни верь, она ведь учит лучше всяких книг. https://t.co/H1oYWeC3FE",neutral,positive
"@SergeiZoldberg Не знаю, откуда информацию берёте, но она какая-то не очень достоверная. https://t.co/O5cjcdB9zJ",neutral,neutral
пиоресы суки не подали сигареты потому что только наичкой их можно опатитьц твари твари тварититт,negative,negative
Джин придумал вокал https://t.co/n8PElfcyrl,neutral,positive
@RenTV Увольнять за такой бардак надо.,negative,negative
@Beroza9 КАКАЯ ТЫ МИЛАЯ 💞,positive,positive
"Он серьезно хочет отдать косарь за тост ""за сосиски с сыром"" Не ну так в стиле Арса что Я хуею",negative,negative
"@adagamov ты дебил - это вишня , либо слива ...",negative,negative
@Dead_Indigo меня трясет когда меня называют * или * и я всегда указываю на это потому что это не дело,negative,negative
@Pak_JinHo @Wizard_Severus Ты неправа. Категорически осуждаю твою позицию.,negative,negative
@friendvasilisk2 Я сын Гоголя и Есенина.,neutral,neutral
ДЕТИ https://t.co/VrU5WjxOP4,neutral,neutral
этот твит не является призывом к действиям но если вам хочется судить не стану,neutral,neutral
"Ахааххаххахахха 
Господи https://t.co/FyXz3IJHwB",positive,positive
-спасиьо жизнь мне снова пиздецки плохо я скоро вообще в соцсети заходить не буду походу. https://t.co/U64qrh2GoM,negative,negative
@hochuponit @aintafuckingmr @lomaloxxx УЖАСНО,negative,negative
"Жителей Карелии приглашают участвовать в конкурсе «Пиши, Карелия, пиши, Петрозаводск» https://t.co/xyekQN8jJ8",neutral,neutral
Спасибо господи за Ведьмака в роли Шерлока 😍 https://t.co/USF1Qq37Yb,positive,positive
@Funt0m1 @lov_in_ya Вот вам реально друг с другом повезло,positive,positive
часть 20 https://t.co/tQpOwxhbiw,neutral,neutral
"@dashanekuri @KarsukBarsuk что есть, то есть 😋",neutral,positive
"@FUcK_U_BiCh_ Либо в 8, либо в 10 в ВК.",neutral,negative
@_h_nt_r_ нахуя а главное зачем,negative,negative
Непаркованная лошадь,neutral,neutral
я нашла свою фотку которая вообще была сделана в январе боже https://t.co/alhDzec6QH,neutral,positive
мое желаниенежелание быть в отношениях заведёт меня либо в могилу либо в состояние вечного уныния боже,negative,negative
"«Спартак» продлит контракты Ребровым и Ещенко, Федуну - респект и уважуха
https://t.co/YoECpDMb8O",positive,positive
Гермиона решительным движением вбежала в комнату и распахнула дверцы шкафа. Оттуда со стуком выпал Воландеморт.,neutral,negative
@chan_boobooo Бб крем-пальцами.. 🤡,neutral,negative
"@Taetachiri Фу Боже, какой-то сасэн",negative,negative
@vilenbrutal Наидобрейший👋👋👋😂,positive,positive
"Первый пошел! Почти угадал!
+1 https://t.co/UEe3HUjfZg",positive,positive
@shumagenn 🥺👉👈это приятно,positive,positive
"@NikaPelmen забыла гордо сказать о том, что мы обнимались и нас есть возможность для этого ❤❤❤",positive,positive
Ок я люблю мороз но так не долго,neutral,neutral
я слаба..... https://t.co/UgZOGFprQZ,negative,negative
Мне плохо https://t.co/JEPnWit7FR,negative,negative
‼️Я пошутил‼️,positive,neutral
- волшебно. я так люблю его.  https://t.co/45vzC1KgDZ,positive,positive
"@sheffchenkoyuri @PopNatella Вообще то если отправлять в Америку меченого, то грех не воспользоваться оказией и отправить с ним всю мразоту,",negative,negative
В Тульской области за сутки выявили 78 носителей коронавируса https://t.co/rYvPgP7Mmm https://t.co/02TQRtfqG5,negative,neutral
@Snastya666 А что Стас?,neutral,neutral
"Все получится, когда рядом настоящий друг.

#шутка #собака #собаки #юмор #бигль #друг #собакадругчеловека https://t.co/tDnaiZ0nAg",positive,positive
два часа полёт нормальный,neutral,neutral
"Чувствую я многое пропустила 👀 что-то произошло с НСТ , тег у нас какой-то загадочный тоже . 
Ну ни на минуту из Тви нельзя уйти 👀",neutral,neutral
@i_am_cool_dude @Kim_pomogi Я тоже самое сказала.,neutral,neutral
ЦИК выдвинула в члены Горизбиркома Петербурга главу Курортного района Наталью Чечину https://t.co/F99H8vZRoH,neutral,neutral
@michaelnacke а мы умрем нахуй(,negative,negative
Кофе на голодный желудок просто заебись,neutral,positive
@lop_lollypop @boleyushchiy Я здесь,neutral,neutral
"@btsmylifeu Нечего страшного, отдыхай, ты активно стримила и писала твиты, тебе положен отдых💜💜💜",positive,positive
поделитесь вашим опытом посещения психолога мне для науки,neutral,neutral
@proebshina ну в этой ситуации я думаю вариант не важен,neutral,neutral
"@nikola_skeij @erebusodora Хуже когда объективно можно отправить на удаленку, но начальство - мудаки =/ *звуки собирания на работу*",negative,negative
я устала,neutral,negative
КОНЦЕПТ ГОНОК КАКОГО ЧЁРТА,neutral,negative
"@superkara2 Сарделька

Я просто только что покушала 😅",positive,neutral
@_backstagequeen @ododecembriste Ещё бы ты был против таких солнышек как мы),negative,positive
@epsel31 красиво живешь,neutral,positive
"Потратить 2 часа на ебучие задания по химии, вместо просмотра аниме.

Чувствую, что трачу жизнь зря.",negative,negative
@stepanbogdancom Меня тоже очень интересует этот вопрос...,neutral,neutral
я. просто. сдохну. от. холода.,negative,negative
"Мне правда похуй на эту ситуацию, просто напоминаю пожалуйста думайте головой особенно если это касается отношений с другим человеком",negative,negative
"@natal_evna все прекрасны 💙
но по настроению я чаще всего ричард, что-то напевающий себе на english, пока иду по делам",positive,positive
Любовь — это битва. Заранее проигранная. https://t.co/YWzG9aJITp,negative,negative
"@S_Kat_ Порой мне кажется, что там уже давно нечего восстанавливать. Но это звучит слишком депрессивно и странно. Всё окей будет, пройдет",negative,negative
За что вы так обращаетесь сами с собой,negative,neutral
@sandelinni я кажется уже раздробился в тыквенный крем суп от красоты а что,positive,positive
"@nE_n_kAi не запрещает.

но неужели для вас это так трагично, что это аниме выйдет и его кто-то посмотрит?",neutral,neutral
@mamapomogiplz @buahbitch эдик ;))))),neutral,positive
"@dayanat01 Ну она хоть блондинка, у нее хоть какая-та скидка есть... (на бред сивый кобылы)",neutral,negative
"@gontarenka Так бывает у меня с людьми и их запятыми, но я всё больше отношусь с пониманием😜",positive,positive
@smeralliV стоп...тебя реально рон зовут?🗿,neutral,neutral
@yo_nice_skirt легкие хорео???!!!??!??? они хоть танцевать их пробовали?,negative,negative
"Кумагава Мисоги
Как же я его обожаю https://t.co/7D70EnQ60f",positive,positive
мне пизда на экзамене по математике,negative,negative
"@VRSoloviev А, Нетаньяху привился в прямом эфире! Спросите потом у него?!",negative,negative
@SergeiZoldberg Киргизы нужны только России.,negative,negative
@drochi420 ань знай что я тебя очень люблю просто знай,positive,positive
Эпидемия скоро закончится! https://t.co/5IhDONn4Vi с помощью @YouTube,positive,positive
@sarawaats_wiife Согл она поддерживает беливеров и не только..... Странная личность,negative,neutral
@the_ins_ru И наступил СБеру Голодец...,negative,negative
Парад в честь 75-ой годовщины Победы прошел в Донецке: фото  https://t.co/38nCql8HJx https://t.co/Kf8997F14Y,positive,neutral
Спонсор настроения - этот гиф https://t.co/ps2SaaLTbh,neutral,positive
"Блин, мне нравится, как моська вышла 🥺🥺🥺 https://t.co/dtxSA3fH5e",positive,positive
"наверное, люди, которым я пишу, сильно бесятся, потому что я не умею нормально знакомиться и несу хуйню",negative,negative
@v_tretyakov Это вряд ли! Наука должна фунциклировать и изобретать.,neutral,neutral
@Dobby_Go ахаха дякую,positive,positive
@_ha_ha_save_me_ поверь 🥺 https://t.co/Yfk44JUTrJ,neutral,neutral
@oleg_zf Видимо 😁 Да и то в фикс прайсе надо постараться уложиться))),positive,neutral
Пишу сочинение по обществу сравнила экономику и иисуса,neutral,neutral
Вывозной авиарейс: из Еревана в Платов доставили 91 пассажира https://t.co/Y2jPo6ZkFZ https://t.co/AoBzJiGmAT,neutral,neutral
ЕКАКОГО ХУЯ ПОЧЕМУ СВИТЕРА В ВИДЕ НОВОГОДНИХ ЕЛОК СУЩЕСТВУЮТ,negative,negative
"#биавгуст проебан, т.к. какие-то би называли себя радфем, и радфем решил назвать всех би ебанутыми

матчасть who
би не радфем who",negative,negative
@AINAZULKEN С весьма переменным успехом,neutral,neutral
я рёву он сидит доказывает что это не вонпиль https://t.co/IgxkzZWlst,negative,negative
@pidorskiy_angel блять..... он с тобой попрется?.....,negative,negative
@kakoyetopokemon ВАУ КАК ЭТО ЧУДЕСНО АААА,positive,positive
"@pBEiZVgEDUjJzgY Источник питания может быть любой, лишь бы соответствовал нагрузке, или наоборот",neutral,neutral
"@Anton_Orlov Да, обращайся",neutral,neutral
реву. https://t.co/ysUTxe6kY5,negative,negative
"@feelhugs хотя не думаю, что так вообще можно сказать, ари классная",positive,positive
"@Voorhis1488 Лишь крикнул ему, что Коннар лучший! А он такой ЧО??? А ему ХУЙ В ОЧО!!!!!! Тот то и замолчал!",negative,negative
СО МНОЙ СИДИТ ТАКОЙ Я ПЫТАЮСЬ ЕГТ НОГУ УБРАТЬ БЯЛТЬ А ЕМУ ПОХУЙ,negative,negative
"@pink__dick Бля, не смешно",negative,negative
Это было 2 года назад но блять КРИНЖ??????????????,negative,negative
@TzZMFBgsaBsmrfQ @natbes @Ravenallo4ka В стеклянных банках тоже не надежно ) Дефолт и девальвация 🤷‍♀️,negative,negative
@velsonar Почему?(,neutral,neutral
@k_sudden поехали все в Сургут там полно снега,positive,positive
БЛЯТЬ НЕ МОГУ ПОВЕРИТЬ МЫ ПОЛУЧИЛИ КАВЕР НА ДЭЙ6 ОТ СЫНМИНА И ДЖИСОНА ЕБАНАЯ СОСИСКА,negative,positive
@tooorun2 Ты реборн смотришь вообще-то,neutral,neutral
afraid это вообще отвал всего🥵,negative,negative
умерла,negative,negative
@sleepnacl это который вот на пересечении с республиканской?,neutral,neutral
@the_ins_ru Поедет в москвобад на рынок спекулировать?,negative,negative
@t0xere ой какой няша,positive,positive
@mrs_abomination ну настя(((((((,neutral,negative
"@DmAstaroth поглядите ка, еще кобенится",negative,negative
это я (: https://t.co/GvAMqvw7yj,neutral,neutral
@jul_levine @kodfgofo https://t.co/yOpE3sUEoe ну да,neutral,neutral
@nJXCxaqKux6PlP5 @MoskRussia @redsquare2018 Насосала...  ( зачеркуто ) Надонатила.,negative,negative
При чем я инцестом считаю даже если персонаж_ки не родные но росли как сестры/братья,negative,negative
@lalatuchya конечно!! щас он увидел скин филзы.,neutral,neutral
Каждый грех сильнее и хитрее предыдущего. Снизу вверх. По мере роста. Коварство греха всегла скрыто.,negative,negative
отец и сын https://t.co/TAAUCEArYY,neutral,neutral
@linanespit как и у меня :(,negative,negative
@zbruch_66 @A_Vit_ В каком виде испытание?,neutral,neutral
@aoria_aoria Тебе написал?,neutral,neutral
@sabeninastya Самой так грустно стало,negative,negative
"@YzlkJywvEoGLg9b Да, как обычно, человеческий фактор)))",neutral,neutral
@zadolbalavata @MenSL Почти) играл в приставку у соседей сёстры пишет родитель,neutral,neutral
":86 https://t.co/N6rdRjsjoC | ​В Югре растет число классов, ушедших на карантин из-за COVID-19 и ОРВИ https://t.co/Nb1XnoTPkD #новостиюгры",neutral,negative
"@kasablanka_03 ... не забрал, опоздал немного РИПО нынче Партизан",neutral,negative
@elyastra Что это за новое стекло? Я готова чувствовать себя живой снова,positive,positive
любимый эдитор снес все свои работы включая один секси эдит с теторой серотонин сдох,neutral,negative
@MiyY0c6bTWtHmBo Для них юмор слишком  сложное понятие,negative,negative
Альберт Эйнштейн никогда в жизни не носил носков.,neutral,neutral
отец сын и внук https://t.co/s6KxzdI1QS,neutral,neutral
@frsmth раз ты ешь рыбу и если мы когда-нибудь встретимся я приготовлю тебе молоки и пузырь будешь первооткрывателем 🥰🥰🥰🥰🥰🥰,positive,positive
"Слово ""завтра"" придумано для людей нерешительных и для детей.

Иван Сергеевич Тургенев",neutral,negative
"Ополченцы сбили МиГ-29 ВВС Украины, который упал в селе Розовка Шахтерского района, 07.08.2014 год. https://t.co/emhCkCIrLk",neutral,neutral
@yournestling У меня,neutral,neutral
"Блять кто-нибудь тут знает, это так работает? https://t.co/GKqVK7b6iG",negative,negative
Столько дел столько дел тютелька в тютельку успеваю,neutral,neutral
@devialesss мое единственное желание в этой жизни 😭,neutral,positive
@danaiyu Джон Кларку,neutral,neutral
игнор о игнор почему ты сука не работаешь,negative,negative
как хорошо быть человеком у которого есть вкус,positive,positive
"меня просто разрывает, столько всего хочется",positive,negative
пошли на свидание https://t.co/TyRf7Fh4c0,positive,positive
@cherepashnaya о я тоже посредник 👊🏼 но я на русском проходила..,neutral,positive
"❔ Какая связь между чакрами и деньгами? 
Рассказывает Алексей Онипченко 😌

#ВИДЕО@academy_reiki https://t.co/BiNy4Hw5a6",neutral,neutral
@Avdotia_Astr @ChernobayMariy Пошлите этот 2020 год на три русские буквы. Потому что следующий лучше не будет.,negative,negative
@nacvon Как найти эту запись в виверсе?,neutral,neutral
"Это типа кигуруми, только в моей интерпретации",neutral,neutral
Шелкопряда и елового усача нашли на 8 тыс га леса в двух районах Томской области https://t.co/VwkVhoXnoz https://t.co/7ttmUlzOvt,neutral,neutral
@SummersWarming Олег ж печатал,neutral,neutral
"@MorEdel Киллерфича в Азии, игровая консоль с мультиваркой!",neutral,neutral
"Грузия Празднует День Независимости без традиционных массовых торжеств

https://t.co/9X4timU83s

#Georgia #Грузия #новости",neutral,neutral
@alex_kimlen посмотрим доживу ли до Запорожья.... будут ли силы убегать от правых....,negative,negative
это я когда надо заполнить графу «расскажите о себе» https://t.co/enRU9Kr6p9,neutral,neutral
я собиралась начинать готовить но теперь вообще ниче не хочу делать,neutral,negative
@oksotrouble @dupaingrest МАНДЕЛЬШТАМА КНИЖКУ СТАВИШЬ ПОД КОСУЮ ПОЛКУ,neutral,neutral
@tashgadel @spb_chikimoni Мне кажется это Виллем рассказывал про своего брата в Бельгии,neutral,neutral
"Класс, опять из всех дел за день я успела заняться только хуйней. Продуктивность 10/10",negative,negative
софт стэны Тэена так делают? 🥴 https://t.co/tijG4EAJaH,neutral,neutral
Следом выходят два сингла: «Gei School Otokogumi!!» («Гей-школа Отокогами») в октябре 2007 года и «Уманамидэ» в октябре 2008 года.,neutral,neutral
@VIFYASYA Вот получается почему мы постоянно деремся?😡😡😡,negative,negative
@leervii Да 🥺💗 https://t.co/3LERP3Lsw7,neutral,positive
@Patrickterno НУ ШТОЖ Я ЖДУ https://t.co/40dfKnFcAC,neutral,positive
"@EmraliEmil Белок убрал, а что делать с желтком?",neutral,neutral
"Я чувствую как качается пресс
Кашель и у тебя пресс круче , чем у качков",positive,neutral
@topcitat А дожка дегтя испортит бояку меда..,negative,negative
ДА ПРОБЕЛ БЛЯТЬ,negative,negative
@jansoulx вышла классная и легкая дорама но там всего 4 серии круглосуточный магаз сэт бел называется,positive,positive
"Такое ощущение, что все ебанулись и скачут

Бесите",negative,negative
"@markotetso Котец, бизнес план. Берём эпоксидку, фирму маленьких писек, разные блесточки, штуки для белков и льем хуи, а после продаём",positive,negative
"в последнее время у меня скучные твиты, потому что стримить. надо стримить.
поэтому я ухожу в мини-рест до 25 августа или может побольше.",neutral,neutral
@laachimolalla Нет их у меня,neutral,negative
@Malva0608 @agressiveicon мне нравится что это единственное соо за весь день,positive,positive
@Lysistrata_by Как говорил один древний философ. https://t.co/BVJxk2Yhsq,neutral,neutral
"Программа Грегори Антимони ""Час интервью"" https://t.co/DWed2bwqAN",neutral,neutral
что бы вы понимали сейчас 8 утра я иду гулять,neutral,neutral
@Comrade_Nadia ягодка,neutral,positive
@hifoxer Ты какой-то негибкий,negative,negative
Мне предложили выйти замуж,neutral,positive
@terieliass скулу с ухом перенести немножко и кажется будет идеально,positive,neutral
@nenakhov84 Несет свой крест при поддержке Газпрома.,neutral,neutral
@abstruse_cook Я тоже думал (,negative,neutral
"@mad_harson И нельзя это так оставлять. Учитель должен учить, а не развивать комплексы в учениках.",negative,negative
@kandylabr666 @yurihramov Я только здесь вижу.🥺,neutral,neutral
@ya_Deniska_chto Со мной,neutral,neutral
@waifuadnstie ну я точно съем тебя когда-нибудь 😭😭😭 https://t.co/suv2lZH5n3,neutral,positive
@MWorldII Это при том что вам резик4 не сильно нравится.,negative,neutral
@Snezhan81022269 Надо чтоб было пироженко,neutral,positive
в моей ленте инст█грам до сих пор ничего не запостили после этого... https://t.co/ykSNJlxkhi,negative,negative
@Durevestnik От ржача могут и лёгкие задышать. Это вроде основная проблема,neutral,positive
стихотворение https://t.co/D7yug1FbQO,neutral,negative
Мусор пахнет «уголовкой» https://t.co/vpT0WRRhKv,neutral,negative
@therusfed @ANNET1902 А че с лопаты не покормил блядей..,negative,negative
@jamvukoo реально бля я щас заревуу,negative,negative
@egV4kibPpDyRgz0 саш а нафиг те замочек как ты тогда станешь популярной в этой соцсети...,neutral,neutral
В России упростят получение гражданства https://t.co/XeMqHOuqwz https://t.co/KKexcunXsI,neutral,positive
Пересматриваю Бойцовский клуб. Там че Джаред Лето снимался в эпизоде?,neutral,neutral
@rusynthblog @Ravchanskya Он лишь винтик. Это ебланское государство.,negative,negative
@novosyolov @yurvaga Они ебанутые! Какие ветераны последний 27 год призывапся 93 года и кто остался?: Ебанутые,negative,negative
@dreaming1520 да!!!,neutral,positive
@Vanchouzzz @SofaTransport Вот ты где этому научился),neutral,positive
@eot_uber_alles И где это?,neutral,neutral
@lovelybrina_ КИСА,neutral,positive
@Yui_Rim на медаль идешь! Умничка!,positive,positive
"@fullhausss Гражданину Германии нужно приложить много усилий, чтобы оказаться без крыши над головой.Это прямо сильно нужно постараться",neutral,neutral
@absinthelover17 Я ГОЛОВОЙ ОБ ЛЮСТРУ УДАРИЛАСЬ ОК ДА,negative,negative
@6h36h Они капец крутые 💜,positive,positive
"@watachaneee 12 ночи, я и так жрать хочу, ты чего наделала)",positive,positive
Пиздец я тупая. Выпила отхаркивающее за примерно 2 часа до сна,negative,negative
@Spasite_makne гуд лак 💜,positive,positive
@NekroVolk ЖОПА МЕЧТЫ,positive,negative
@cucumbera_sharf Просто скинь порнушку что ль.,neutral,negative
@small_stalker страшно,negative,negative
"@blinisgovnom АХХАХАХАХВХАХАХАХВ ЧТО ЭТО, Я ДАЖЕ НК ЗАМЕТИЛА БОЯТЬ ФУ",neutral,negative
@I_luv_bts_QwQ @soulrinkook Я УЖЕ В НЕЙ ГОД ПЛЯТЬ ТЫ О ЧЕМ,negative,negative
"https://t.co/0N5v6HsGCU
Это невероятно красиво! Посмотрите! Это прекрасная атмосфера?",positive,positive
@eatmypussyjesus не зря а тиктоке говорят что мы hoes 😔,negative,negative
"Ебучий гайморит, разумеется, а не корона.",negative,negative
@Kayrin_art Окей,neutral,neutral
Вспоминаю лицей и вздрагиваюсь от вида этих книжечек https://t.co/pDDITnam6R,negative,negative
"И да, очень надеюсь, что Кокорина весной в Спартаке не будет. Нужно было его отдать Шамилю в качестве неустойки и добавить сверху пиздюлями.",negative,negative
@BaNaNaN808 шото ваще хуйня,negative,negative
@hzn_pedro одиноким*,neutral,negative
"ну всё, а теперь я спать 😗✌",neutral,positive
"@SvobodaRadio А что поёт батька с холуями? Неужели ""чёрный ворон, ты не вейся надо мной""?",neutral,negative
Ненавижу воскркесенье... Особенно утром...,negative,negative
@agrr_s ЧТО,neutral,neutral
"Здравствуйте, я напился медовухи в 40 градусов и отрываюсь под Меладзе",positive,positive
"@summatosha @klimyshkinfulu1 8 тыс . нервных окончаний? 
Моя жизнь теперь не будет прежней..",neutral,negative
@sugarmin_0 @_bad_girl_2019 я отказываюсь разбираться в ваших проблемах,negative,negative
а то я отвлекаюсь....,neutral,neutral
"@RT_russian ахаха да, ну надо что-то сказать))
как же хочется нового президента, путло мерзкая тварь",negative,negative
теперь это моя любимая фотография 🥺💘 https://t.co/ky5ojMCC6v,positive,positive
@hanjician сынмина ака главного танцора в массы,neutral,positive
@_Fashington @Fake_MIDRF не слышу никаких криков только ропот о новых лишениях и изощренных методах отъема денег и будущего,negative,negative
@cute_dolboeb 👀👀👀👀 кьют,positive,positive
@800K4Z01D @vicesam Советский союз был французской колонией,neutral,negative
Кстати а вы Новый год в Твиттере праздновать будете?,neutral,neutral
Орууу🤣 https://t.co/5DjcUIwRCZ,neutral,positive
"Почему когда я плачу то там где скатились слёзы щиплет сильно? Прям сильно... Больно(
Там кажысь след...
Сейчас все щёки щиплют(",negative,negative
"@fairy_darya По моему ты просто ракурс выбирать научилась, не?",neutral,negative
@arr_maru сложно,neutral,negative
@yoshkinkrot Редкие животные находятся у власти.А именно в Единой России.Да??,negative,negative
А прикиньте наше государство воспользуется сложившейся ситуацией и не откроет границы больше никогда. И мы станем Северной Кореей.,negative,negative
@lohyyyshka меня папа лизой хотел назвать..)),neutral,neutral
"Блин, мне очень нравится это фото :)) #PokemonGO #GOsnapshot  #Mewtwo #Pokemon #GOBelarus https://t.co/Y6oxVYYP9i",positive,positive
Только что опубликовано фото https://t.co/FdTaTbpOHx,neutral,neutral
Вообще не ожидала,neutral,negative
"@dimsmirnov175 Какой-то кооператив пиндоский сделал мокшанский роскосмос, уже навсегда...",negative,negative
Ну лана час назад,neutral,neutral
Я пришёл к тебе с... (Владимир Завещевский) / Стихи.ру https://t.co/igt3dKmgAd,neutral,positive
"@emodedelineado 37,65см",neutral,neutral
"@krou_696 Сочувствую (
Жызнъ болъ",negative,negative
@LujuriayBondad @_Courtliness_ вроде же он играл отца Ханны... насколько я помню... хдд,neutral,neutral
"Васильев и Моргенштерн сдали тесты на определение родства #новости #россия
➡ Подробнее  https://t.co/CzLoStlRIJ https://t.co/Dqg1Kvif3z",neutral,neutral
"закрыла две банки. 
впервые в жизни.
пока что держатся)",positive,positive
@aupshvrya Буквально слышу от человека который точно такой же,neutral,neutral
Китайский коронавирус: как изолировать квартиру и сделать карантин https://t.co/Q1xZImBQqD https://t.co/jPoJDIW0NY,neutral,negative
Красноярский «Че Почем Бар» зашел в Нижний Новгород https://t.co/HNfhQcRBOn #dkvartal #новости #krsk,neutral,neutral
@Necusu1 СПС,neutral,positive
"я долгие годы задаю себе вопрос: что нужно сделать, чтобы стать интереснее?? ответа нет🗿✌️",neutral,negative
"@iamevilcat Первый я писала быстро на уроке, второй внимательно дома https://t.co/HBIXHNd9XW",neutral,neutral
"@g8zvM811faMMOs4 Кто? Прилетел на президентском самолёте и сфоткаться, а может быть это и вовсе Фотошоп.",neutral,negative
@sanmytwilight ТОЛЬКО НЕ ОПЯТЬ,negative,negative
вот по этой причине https://t.co/2piRqsYiRk,neutral,neutral
"@ADanckwardt @sladkiy_luchok @M_Simonyan @sssmirnov Хоспаде, ты такой ватный, что если тебя опустить в океан, в мире пропадет вода",negative,negative
хелп меня сталкерят https://t.co/sxmWyBQmZX,negative,negative
"Конденсат на окнах, причины появления https://t.co/cQ0CEKkUK6",neutral,neutral
"@turururinka @_evless @Dasheshka97 @skorpy2000 Ну он местами видит то, чего нет, а с чем-то круче трояна у него проблемы",neutral,negative
@InvestInSpain А почему солнце восходит на жовтно-блакитном прапоре?🤔,neutral,negative
"@leejooli нам придётся привыкать ко всему вновь :,)",positive,neutral
"Мало кто знает, но песню Букера и Мози Монтаны спонсировала Пятерочка.",neutral,neutral
"@ghInDmF3EigusG0 Хорошо, извините.",neutral,positive
@tvoi_bread У меня больше рекорд без сна я уверен ----_----,neutral,positive
"@baekhybunny красота для каждого своя, каждый находит её сам",neutral,neutral
ЧРЕЗВЫЧАЙНО! У МАТВИЕНКО ИНФАРКТА ОТ ЕГО СЛОВ! МАРХАЕВ С ТРИБУНЫ УКОКОШИ... https://t.co/ElhpXRIabA через @YouTube,negative,negative
"@bookierating Вот если бы в МЮ то да, а так фуфло",negative,negative
"@fuckin_imp ахаххахах. я бы скинула, но у меня есть только доя собрания одуванчиков🥺",negative,positive
"Если я скажу, что мне это очень нравится, я не солгу https://t.co/YrfW0xcas0",positive,positive
"@melvaskyd Мы убирались и не умерли. В чем проблема? 
Какие бля дети ебанутые",negative,negative
@Parilka_ @ikairika Вместо кошки я завёл бы дома рики тики тави),neutral,positive
@princess_faust ещё в момент когда пригласил ее на кофе,neutral,neutral
"@SWAnime_pot Нет спасиба 
Мне волосы еще нужны",negative,negative
"@1bombul @i_i_im_me Ему не понравился твой ответ, поэтому и блокнула, а что лучше срач разводить ???  Судить человека по одному мнению👍",negative,negative
@algolubkoff То есть нарушает пдд?,neutral,neutral
"Ой, в Google себя нашёл!
😊👍 https://t.co/9sTmSa4bXm",positive,positive
@GrJulianna @lelja85o @Ste4kin300 @Anna66064670 @inzhuvatkina Я собирала по знакомым),neutral,neutral
Так смешно слышать как на заднем плане мемберы пытаются не заржать в голос,positive,positive
Поделись клубникой... https://t.co/Y5JHbECy8G,neutral,neutral
"Саша: опять она думает о том чтобы пары проебать
Я, отвернувшись: зосаны мои зосаны",negative,negative
@_chedarale_01 что кому рожу начистить,negative,negative
@dw_russian А что РПЦ про смертную казнь говорит?,neutral,neutral
@Wind54Sky Мэйби и так,neutral,neutral
@k_hope___ согласна,neutral,neutral
"@omsooqchan ай, половину смотрел :D (долан, уитнейл, о бой)
за остальное спасибо! оно в основном чуть-чуть не на те темы, но в целом даа",positive,positive
@rus_analit Так он и происходит. Но медленно.,neutral,neutral
а замуж кто-нибудь позовет? https://t.co/ec5n7GLEtW,neutral,neutral
"@Raziil_kruger Иди уже передерни,ну сколько можно то",negative,negative
"@pixel_texel @heroin_witch О времена, о нравы!",negative,neutral
Я в своих историях/я в историях друзей https://t.co/qFOH61CAAj,neutral,neutral
Я в смятении https://t.co/0AdFElpaJJ,neutral,negative
@aaaamaryllisss просто все говорят мне мол 3-4 версии и ДВЕ лимитки или я чего-то не поняла,neutral,neutral
"""Интергал-Буд"" планирует запустить минимум 10 новых проектов к концу 2021г
https://t.co/6eFtsLqtd3",neutral,neutral
"@tonny_twt Я рада, что с тобой сегодня всё в порядке 💜",positive,positive
"@great_knee Бро,моя тоже",neutral,negative
@WeisseKaiserin Кто из?),neutral,neutral
"Последние два года действительно пошли по наклонной
Чем дальше, тем хуже",negative,negative
"@Anna54010878 Стаканы гранёные, но не настоящие.",neutral,negative
"Из всего что тут происходило,я понял что мы все тут друг другу родственники 😂",positive,positive
Почему это очень похоже на зельду? #GenshinImpact https://t.co/w0Tb53Ovpw,neutral,neutral
Немного про доставку еды вам в лету. https://t.co/Stt6FGCCs0,neutral,neutral
Бля оруу https://t.co/oOI7AQQgYP,positive,positive
ой два одинаковых видео кинула),neutral,neutral
Стали известны наиболее бюджетные варианты для полётов в сентябре https://t.co/n2JpAI4bOu,neutral,neutral
@vi_elyakova японские порошки и концентраты ),neutral,neutral
"@tattyvampire с вами я солнце, но на самом деле я говно особенно в срачах",negative,negative
"у меня из-за диверсанта при слове «берлин» уже дёргается глаз
а вы как смотрите матч униона с баварией
#FCUFCB",negative,negative
"@NunaYoongi_ Плюсую, отвратительный цвет",negative,negative
@MashkaOrlova1 Клёвые,positive,positive
@_Munshtuk_ А мне кажется охуенно,positive,positive
"Сука я сойду с ума сидеть дома до 30 апреля ВМЕСТЕ С БЛЯДСКИМИ СОСЕДЯМИ 
СОС.",negative,negative
@oliin4 обманщица,negative,negative
@KoshavilM Просто паскудно ржу 😅,positive,positive
@raccoonya2 Я могу скинуть ссылку на блог с переводом если хотите,neutral,neutral
"Мне грустно, плохо и я хочу наполеон...
Или выпить 
Я так и не поняла, помогите, пожалуйста",negative,negative
@zhe_jijiji ты меня недостаточно хорошо знаешь,neutral,negative
@twiterrkat у нас Тодороки что ли будет?,neutral,neutral
"В Китае от коронавируса умерли уже 106 человек, заболели более 4,5 тысячи https://t.co/UyJS7lY61L",negative,negative
@FwLitqW98LQzxSy Понимаешь даже когда я не сказала про это💕,positive,positive
@karoshach не понимаю о чем ты 😔😔,neutral,negative
"рыбалка в инском на тёплом канале , уклейка , карасики, прикорм мастырка... https://t.co/yXI68vw44n с помощью @YouTube",neutral,positive
@miss__kennedy Тууууут)0),positive,positive
"@_gahallan Какой пиздец там творится, думала подписаться чтоб не потерять и смотреть инсайд но просто АААА",negative,negative
Засекреченная катастрофа: как в 1949 году на Волге погибло 200 человек https://t.co/OvSMyeed9Q https://t.co/C6n69KgPNZ,neutral,negative
@Zamoro4ka_rus Чё сегодня у все б@б настроение такое😬,negative,negative
"не извиняюсь🗿🤟
у меня закончились длинные карандаши которыми я обично расписываю-
поищу короткие😔👊 https://t.co/hGYErVOg4i",neutral,negative
"Если когда нибудь будет Нюрнберг-2, то подсудимых на нём будет в разы больше, чем в 45...",negative,negative
@fucking_sayuri Мразотненько(,negative,negative
"@1863x Я её себе так и представлял, но думал что будет часа в 4 утра",neutral,neutral
"@hedgehogbez ДА!
ЗА РОДИНУ!
ЗА ОТЕЧЕСТВО!
(пусть оно у нас и разное, русские так-то тоже не сдаются)",positive,positive
@panevin_ru Давить на жалость как-то унизительно,negative,negative
@nominsoftbot Что такое чинча,neutral,neutral
"@asambller та в никсы, куда ж ещё))",neutral,neutral
В любом случае мы все психи,negative,negative
"ребят нет
у меня же
долги
и
эх
прощайте https://t.co/NnknAWhFfM",negative,negative
"@eleonora_aleks Эличка ну какого хуя тред уже удален, что за качели настроения. Я был занят. Что я упустил?",negative,negative
@jhobi39 я тоже🥺,neutral,positive
@postovik @daf1b7e0f63b487 Петрухины тараканы? Бедная его голова.,negative,negative
"@MochalovRussia @ntvru Если  он  поднял  руку на маленького, скорее  всего  у  него  трепетно- бережливое отношение к себе",neutral,negative
@aloyelka Жесть)),negative,negative
"@mitrofanbelov @6_DevaMaria_9 Или лишний раз получить 😏🍫
День Св.Валентина не односторонний праздник (в отличие от того же 8 Марта 😁)",neutral,positive
@orange303 Амой тональник никто не покупает ((,negative,negative
"@chocolatAlyonka Не сложные слова я понимала, а дальше логикой додумывала 😔👊🏼",neutral,negative
@idinamoyhuec каждый раз когда ты выкладываешь видео мой топ самых любимых элитов сотрясается это что такое??????,positive,positive
@duolan4112 ладно,neutral,neutral
@Dredd_Director Упоротая дура!!!,negative,negative
@__sad_idiot_ подглядывает за нами https://t.co/Ymu2sR3ztx,neutral,neutral
@antonmogila Отец огромной семьи https://t.co/QPFYaTZd3Y,neutral,neutral
@ssan1na ХАХАХ отдохни Анют! целую обнимаю☁️🤍,positive,positive
@RT_russian Российские врачи в Омске = британские ученые.,neutral,neutral
@kkjmmyboy Я ТОЖЕЕЕ,neutral,positive
@makeitdalia диэнэй?? то время плюс минус,neutral,neutral
@not_u_clowness Да самый главный клоун он,negative,negative
БЛЯ АХХПХАХХПХ https://t.co/AzjKhdz3uq,negative,negative
@fizzzzzzzzzzz_0 а че это,neutral,neutral
я думаю мне очень грустно раз я слушаю шестой раз the room where it happens ради концовки песни голос лесли это что-то чертовски хорошее,negative,negative
я боюсь спать,negative,negative
"если я сегодня не схожу в мак, то я отказываюсь учиться",negative,negative
Юбилейная медаль «40 лет Вооруженных Сил СССР» https://t.co/a1pU6N0DkE https://t.co/eXjoG4Ca0Q,neutral,neutral
@AGAiNSTSANJA такой. https://t.co/ZbKZEnXQQG,neutral,neutral
@pup_____ я тоже так хочу 😍,positive,positive
@a3minyard я думал твое любимое детк,neutral,neutral
@lyntikheh вы арестованы за кражу чужих сантиметров:)👮,positive,positive
@Aleksagain @fanat1k_ru Это точно ),neutral,positive
@Mystery_Pug Ага. Высотки Влэдика,neutral,neutral
За сутки более шести тысяч больных COVID-19 https://t.co/1MUEtXIgdD,negative,negative
"@ukrpravda_news Из той оперы.Глаза бояться, руки из жопы, но я не сдаюсь.",negative,negative
"Кто больше всего дискредитирует социализм, коммунизм, СССР, Ленина, Сталина...?",neutral,neutral
"@dolpaeep Пффф, 21 рубль это целое состояние",neutral,negative
напишите что-нибудь на кошатник мне ужасно скучно → он в био. принимаю даже оскорбления!!,negative,negative
"Меня задобрили только что испечённым клубничным бисквитом
Ладно, это лучшее, что я ела в новом году",positive,positive
@M_Simonyan Свою книгу не пробовала почитать?,neutral,negative
@constant_in_opl Господибожемой праведный.... Там тоже будет контент....,neutral,negative
@grey_ship Благодарность игрокам?,neutral,neutral
@emitersss_ и викенд к ним присоединился уважаааю,positive,positive
Удаление папиллом,neutral,neutral
@mnz2002 @SobolLubov люпка тоже не юрист. Вы сёстры?,neutral,neutral
@abstruse_cook Срочно нужна гиждуванская керамика в следующий раз 😁,positive,positive
@hwan_hyunjinie что именно редкость?..,neutral,neutral
"...Куда делись ""Врачи без границ"" и прочие спасители человечества | ... https://t.co/x22lEjyo2G",neutral,negative
"@ivil_twt_ Да, но смотря какое задание",neutral,neutral
"@Zhannin123 Нее,надо сказать, будет думать неделю до чего обеднел мирр",negative,negative
Мне нравится с вами взаимодействовать 🥺,positive,positive
@sm1lnbptnt хотелось бы,positive,neutral
"хорошо, что я вовремя опомнилась)0",positive,positive
Ем злаковый батончик. Тревога ест меня.,negative,negative
"@HornedDragonfly Второй не мимо, делается все еще для одобрения. ""Неформалы"" автоматически ""свои""",neutral,neutral
"Я люблю английский язык
#клубромантики https://t.co/ODoSG1umIm",positive,positive
Ты опять не выходишь из моей головы..,neutral,positive
"Романтизация, фетишизация книг имеет право на существование!!",neutral,positive
"@mediazzzona Черножопому телу 
Молодой захотелось ...
В 32 на зоне станешь Гульчатай .",negative,negative
пиздец меня трясет чет и из-за этого еще тошнит,negative,negative
"Ребят, давайте я куплю вам всем одежду...",neutral,positive
"[vesti]  #Путин: если не будет СНВ-3, то ничто не сдержит гонку вооружений https://t.co/mbYwCxXtRZ",neutral,neutral
Внезапно ОЧЕНЬ хорошее настроение сегодня утром,positive,positive
"@plotva_man @otebitesvse @Zefirni_chel Я о нëм узнала только месяц назад. Дайте время, посмотрю я всë, посмотрю..",neutral,neutral
"И да, кстати. Всем спокойной ночи. ♥️",positive,positive
Насколько нормально плакать каждый день как минимум по 3 раза?!,negative,negative
@AlinkaSokolchik У меня двое лучших мальчиков на аве ыыыы,positive,positive
@Mr_Lindo_LY УБЕРИ,neutral,negative
"@1A6zNzORhEWMA3X @mr1717mailru1 Да кожу снять, чего уж там",negative,negative
"Хорошо людям, которые ничего не делают . Никуда не торопятся, живут в свое удовольствие.
Жаль только, что чужое время не ценят",negative,neutral
@_kimmkard можешь мне рассказать если хочешь😅😅,neutral,neutral
"Картины Алисы как отдельный вид искусства... 

#тнрс https://t.co/aFpU6Y85xM",neutral,positive
"@Aksakalko @Red4x @bulbota @ewenk_yu @dima67574 @Motolko Она пиздец уродливая, в ней и в части ходить то стыдно должно быть...",negative,negative
@RinAzi3 А что это?..,neutral,neutral
@EveryDay6ot5 Гриффиндор?,neutral,neutral
"@usthsw /ходит вокруг, агрессивно излучая дружбу/",neutral,positive
@karkynovv я щас заплачу ЧЕСТНО😔😭🥺,negative,negative
ну или хуй их знает👍🏼,negative,neutral
отак от https://t.co/BItu9ULjOE,neutral,negative
@misha_bright Тогда спать ложись не в час ночи!!!1!!!,negative,negative
"@taranenko Споты конечно, я такой выбор сделал. Если потолки не выше 2,5м
Конечно лаконично иметь одну люстру в центре комнаты.",neutral,neutral
"@HollinPrimary Открытый микрофон
https://t.co/AWbWFuexQI",neutral,neutral
@leejieunbub Что?,neutral,neutral
"Была хреновая попытка, и мне стыдно за неё, что так ворвалась в чужое пространство",negative,negative
@excuss_me_bluat Какого хрена кто-то гонит на человека за любовь к биасу?..,negative,negative
Ну что девочки снова привыкаем к статусу одиночки,negative,negative
"@babyjang3 Вщсщмдрдещь я даже не надеюсь на знакомство
Но все равно спасибо)))",positive,negative
"@gribnoypunk Ань, какого хуя?
это же абсолютно не так",negative,negative
мне кажется я создала шедевр,positive,positive
О Владе Листьеве и загадочной зачистке «Останкино» 25 лет назад https://t.co/6Xk4UGFFg6 https://t.co/qeMwFwdghu,negative,neutral
"@69notyourfriend @jonmsokk @wttwinter пхахаха сук,но это ж рофл. у него там свои шуры муры есть,а мы просто братаны, алло.",neutral,positive
@sooqabreathe вау три вещи которых в последнее время у меня как раз нет от слова совсем,negative,negative
@watermelonONK цена жизни  обесценилась,neutral,negative
"@gewoaini аккуратненько, с любовью и заботой💜",positive,positive
"Оля Полякова с дочкой переболела коронавирусом: ""Я такой температуры никогда не видела""    https://t.co/xgGDxLvMa5 https://t.co/qQKWRSPQbW",neutral,negative
"В общем я переписала, но выкладывать не буду и вообще вряд ли кому покажу. Воть так.",neutral,negative
"девочки одумайтесь!!!
вместо випки можно купить себе бинокль может и потом пригодится",neutral,negative
@danissimoors @ch1llipizdrink Омг омг автор работы просто прелесть вообще я в шоке можно я их на обои поставлю прошу👉🏽👈🏽✨,positive,positive
@zaynmali5w вопрос один зачем мне все это типо ладно что уж https://t.co/zsxBFphd7f,neutral,negative
Хотите увидеть мою фотку?........,neutral,neutral
@golovlev В офисах просто работать не надо усердно. Может поэтому,neutral,negative
"Ооо, что то вышло ?",neutral,neutral
"Вот что то, а гели этой серии у ив роге офигенные. Мне очень нравится ещё бразильский кофе)) https://t.co/hw24S4P30D",positive,positive
"Когда-нибудь я перестану мониторить просмотры сторис в инсте и ждать там своего краша , но не сейчас...",neutral,negative
"В Антоповке два часа не будет света

  https://t.co/olq7nAYMYQ https://t.co/8P1kp4BshJ",negative,negative
"@sannyy_sander Хочу хочу!
У нас ведь разница во времни Санни 😗😗
Все хорошо!!!мы обязательно порисим!",positive,positive
"третий день, и глаз красный с гноем 🤥",negative,negative
Ты знаешь что я могу.,positive,neutral
@Vash_Glycine эх а вокруг всё равно мемы,negative,neutral
@Irishman666999 Да,neutral,neutral
"@saasukeeeee Хочу сдать тест на группу крови что бы с кем-нибудь совпало вхвхвххв
Интересно же",neutral,neutral
"когда узнаёшь, что Fox News - это не канал о лисьих новостях https://t.co/84lQwgEuba",neutral,neutral
"@your_seokjinnie Попытаться максимально отгородить себя от людей, не полностью же

Говорят что маски немного помагают:(",negative,neutral
"Скажите мне слово, где есть много букв ""ж"" или ""ы"" и я скажу вам, каким словом можно убить испанцев.",negative,negative
Банки Украины перед проблемой: некуда инвестировать деньги — Страна.UA https://t.co/Ifkr8FjI5X,negative,negative
"Начало конца нефтяной иглы.

https://t.co/apN1p8b6gb",negative,negative
@vihoba Берегись автомобиля,neutral,negative
@Nemo58665667 @Vlad14190914 Отэто поворот,neutral,neutral
Председатель Конституционного Суда Украины Александр Тупицкий провел встречу с дипломатами https://t.co/g8ApRm5mLT,neutral,neutral
@rj_seokjina ГО А ТО Я УЖЕ НАЧИНАПЮ ПРИВЫКАТЬ К ТЕБЕ С МОИМ,positive,positive
"@helloKittyS33 Настолько высоко пищу от милоты, что только танни это сможет услышать",positive,positive
"@Libertylures Уууу, Дербентский хорош!",positive,positive
"королева драмы просто (ну после Цинцю, естественно) https://t.co/5FuMimhdSi",neutral,neutral
"Учитывая, что я не работал с конца марта, не совсем понимаю, почему я ещё не на улице и не загнулся с голода.",negative,negative
@MrAlgrizly @daniilborsh Одно другому не мешает😉,neutral,positive
пиздец он же так прикольно жил туда сюда по стране разъезжал получал пиздюлей от Александра первого В КОНЦЕ КОНЦОВ ПОМЕР НА ДУЭЛИ,negative,negative
Я УВЕРЕНА ОНИ ПОЛУЧАТ ЭТУ НАГРАДУ 😭👊,negative,positive
"@innaruda_ да, например.",neutral,neutral
@NotSpeakWithMe вижу деда,neutral,neutral
Дует ветер перемен https://t.co/SKcWVrYS5a,neutral,positive
"НБА. Контрольные матчи. «Мемфис» победил «Майами», «Хьюстон» сыграет с «Бостоном» и другие встречи
https://t.co/Xi5yLr5Wvf",neutral,neutral
"@angry_catttt ОЙ, ДАВАЙ ПАРНЫЕ АВЫ-",positive,positive
@redsquare2018 Наболтала...,neutral,negative
"@studentiys @mironov_fm Конечно страх конкуренции. Кому как не Путину знать, что поддержки народа у него нет.",negative,negative
Девочки шо происходиииит https://t.co/KjRONm9Qlz,neutral,neutral
почему мне иная тьма недоступна? #kingsraid https://t.co/VMkaadfVko,neutral,neutral
@brightxwful да она классная https://t.co/eMqeq4BsbP,positive,positive
"Доброе утро, пипец я вчера вырубилась",neutral,negative
играю в самую лучшую серию кр ✌️😚✌️😚😚✌️😚✌️😚✌️😚✌️😚✌️😚✌️😚 аделаида крашка,positive,positive
@_chainka_nct_ ждать на японском 待つ (матсу). а мне матсу ещё 2 года 🤒,neutral,negative
"Какие же у нас все-таки талантливые управленцы!

анон https://t.co/V9YMIeNCJD https://t.co/3yt3ZDFMt8",positive,positive
@doramnoefile я сказала чт опросто долго писала лола там реально ахуеть какойе длинное,neutral,negative
Большой Новогодний Мандарин,positive,positive
@jin_ramen_hot А шиба хочет тебя https://t.co/qV6ZDEanql,neutral,neutral
@silentcryinyour БЛЯТЬ 😭😭😭😭😭😭,negative,negative
Ставлю линзы в перерывах между икотой,neutral,neutral
Я продолжу спойлерить вам ее потому что она черт возьми охуенна https://t.co/GsT6mVVce2,positive,positive
"не говори ""лабус"", ""шпрот"", ""чурка"", ""хохол"", ""жид"" и ""бульбаш"", не будешь ""русней"" и ""лаптем""🙂",negative,negative
@psychoriritic СЕЙМ,neutral,neutral
"@b14ck_Q кто пустил авторку в твиттер 😡😡😡, может, у неё ещё и даниил — гей 😱😱😱",negative,negative
"@Nesterova_Drina это конечно да
удачи встретиться в будущем с самой харизматичной задницей с текущей подводкой 😉",positive,positive
@kapsart88 @ZhekaMed Пиздец вы конечно,negative,negative
@typoe09 конечно наташ,neutral,neutral
"@lenywitz ОПАСНЫЙ, но только немножко",negative,negative
мы с биней тупо токсичные подружки,negative,negative
"«Прекрасная работа актерского состава»: депутат Смакотин о фильме «Шугалей»
https://t.co/1IqCmHpFs7",positive,positive
"Чихнул в метро. Девушка, сидящая справа, встала и ушла в другой конец вагона. Спасибо #COVIDー19 за свободные места в вагоне!",positive,negative
смотрите какие красивые у меня узоры на ноге отпечатались 🥺🥺 https://t.co/UtIR7rEnkY,positive,positive
"Названы 30 лучших хорроров за всю историю кино:
https://t.co/9NXKFhTeHO https://t.co/07fve1z1Ju",neutral,neutral
Хочу купить альбом......,positive,neutral
Или под трубой под волнами ты скоро будешь с мусульманами,negative,negative
@vemiAsIGhtcnOnb @kataev777best По ходу дебил!,negative,negative
"— Почему ты мне не отвечал?
— Прости, я просто твоё сообщение видел",negative,negative
@baldyoj Разве что комментарии),neutral,neutral
"А это групповые, это самые приличные что были... https://t.co/jaC0Mz2lwu",neutral,neutral
"""А почему ты там долдна быть? Это только для друзей"".
А ты думала, что ты уже тоже друг.
Вот так оно и бывает, девачки.",negative,negative
@goode108 @ivaost Шо не бегаем...,neutral,neutral
"Небо он облетел
Вернулся
Он так не хотел

Zivert - Шарик",neutral,negative
он похож на крысу,negative,negative
"@_bereal Да, туда.
10кг приорити - около 77франков + коробка я купила на почте, они прочные",neutral,neutral
@xingqiucatboy а разве нельзя тогда просто подстрелить геймпад у плойки,neutral,negative
"@enn_holland ну а чо, она мой главный спонсор)",neutral,positive
Ох главное сдержаться и не начать снова пересматривать Анатомию страсти https://t.co/CNNatncyDO,neutral,negative
"Расстаемся окончательно с Артёмом, потому что мы реально можем только дружить, но все равно как-то грустно 😢",negative,negative
"@MrMaaay Зато у них госдолг большой и вообще, экономика США скоро рухнет. Да, и медицина у них - гнилая (Володин)",negative,negative
"@smerekaaa Если уж вообще покрасите,то ещё вскрытые вены нужны",negative,negative
@nikola_skeij Давай,neutral,neutral
бигуди 10 из 10 https://t.co/nmxQHzhGX1,neutral,positive
@tea_dinosour капюшон под которым могут согреться две головы и который является отличным прикрытием для нежных поцелуев на морозе,positive,positive
@Uctrizawtramwae Не плачь! 🌹🌹🌹Она будет. Она придет неожиданно.🌹🌹🌹,positive,positive
"@X0mJowFiaMngQA4 @WffEkyNJyRg3Aop Ты гляди кака фигуриста! 😏 
Маладецъ🌷",positive,positive
"@big_moonchild о,удачки,я надеюсь ты сделаешь такую фотографию которая тебе понравится",positive,positive
"я скучаю по эксван
когда уже произойдёт то, чего мы все так долго ждём?
https://t.co/9fFNgaInSw",positive,negative
Детям родившимся в 2010 в этом году 10.....,neutral,neutral
@brn_txt Хочется верить,neutral,neutral
кажется кто то скоро будет плакать под столом спойлер это я,negative,negative
Число погибших от коронавируса в Китае превысило 800 человек (https://t.co/OS8pg7k83L) https://t.co/fpfDyGQvlO,negative,negative
@ox0uHxCFts9y7Nm Да,neutral,neutral
"вы получаете ночью от брата такой видос
ваша реакция https://t.co/AoF30kGoMp",neutral,neutral
"Полный страхов, страсти и сожалений",negative,negative
@Lina_ZanoZZZa Можешь вынуть батарейный блок и не лохматить бабушку.,negative,negative
@sasha_gentle Москва,neutral,neutral
@sokokinay Курочка была бы актуальнее,neutral,neutral
"если это правда насчёт тао и чжиын , то я блять всё...я уже щас орать буду",negative,negative
"Я в таком отличном настроении сегодня, удивительно",positive,positive
"@yunglole Ля
Не так прочитала ""заработали""😅",positive,neutral
@oblomchik2017 Держись! У тебя всё будет норм,positive,positive
"Смотрю холостяка нового, седьмую серию
Предыдущие не смотрела
И лучше бы не смотрела и эту
Такая дичь
Но смотреть больше нечего по телеку",negative,negative
@thecatkaliko Чизбургер💅✊,positive,neutral
"Жду одну штукенцию.
Надеюсь, на успех.
Чтоб не нервничать, твичу.
Не обрашайте внимание🤗🥳",positive,positive
@Lylinn_ Просто так захотелось,neutral,neutral
@LinaCrouford Спасибо есть над чем подумать,neutral,neutral
@JustGeo51410170 Держу планку),positive,neutral
Ем пирожное и наслаждаюсь жизнью,positive,positive
"@Argonian2018 @nikolvalua ммм, а что с первой частью? ты к ней как относишься? там же тоже...",neutral,neutral
@fontanka_news Считать научитесь.,negative,negative
"@BandurovV @tweet_matveev Худшие или меньше всех занижали? 
А то еще похвалят :)",neutral,neutral
НЕ ПЛАЧЬ МОЙ ЗОЛОТОЙ Я ПРОШУУУУУУ(,negative,positive
Зато крыло ниче так получилось хд https://t.co/NhcY4Dx4O4,positive,positive
мне плохо,negative,negative
"Зашёл к бате в гараж, а там, ну вот https://t.co/NxOAfSkFoF",neutral,neutral
"Пойду завтра слушать Сашу Долгополова на халяву.
А все почему? Потому что моя девушка достала халявные билеты.
Я щитаю это победа!",positive,positive
Моя любимая часть https://t.co/HGiOLkp8dE,neutral,positive
"@bbcrussian А сфигали ответственность на Путине за то, что навальный что-то не то сожрал?",negative,negative
"@ditya_tko Эх,если бы((",negative,negative
"Да, пожалуйста, отвечай https://t.co/c9f75MGZTj",neutral,neutral
"#Спорт_это_жызнь( особенно по числу шагов в дни, когда на улицу не выбиралась, там видно) https://t.co/BNoeP3Qvtj",neutral,positive
@Vnedrennyy2 А где вариант врут? Шоу или цирк?,neutral,negative
Конкурс социальных проектов Social Weekend начинает новый сезон https://t.co/4qdy0uh00v https://t.co/7qDemmgBd6,neutral,positive
"Окончательный стрим 2020-го года. Война, мир, революция: вопросы и ответы https://t.co/84uU5dXTT7 через @YouTube",neutral,neutral
"Я конечно же не пью , но бутылочку пива я бы тяпнула👐🏽",positive,neutral
"сегодня разговривала с мошенниками, не знают, что ответить",negative,negative
@azicrowlover @AveMaterDei Я не буду отвечать на этот вопрос.....,negative,negative
@Vlad_Voy @prof_preobr Задачи у него другие были. А БВ он должен был зачистить от себя для другого недофюрера,negative,negative
@dron0356 Мы из Гулага так и не вышли.,negative,negative
"помню я одно время постоянно пила пепси 
что в какой-то момент друзья начинали меня УМОЛЯТЬ ПРЕКРАТИТЬ",neutral,negative
Это прям мы с @nepofigist https://t.co/xFzhmcgFVH,neutral,positive
@coffeeandvrooom Он просто все твое жранье сточит лол,neutral,negative
"Шикамару:
-я не боюсь твоего бога. ведь мы исповедуем разные религии. я верю 

Я:
-в Аллаха☝🏻",neutral,neutral
@hoeforjeno Я тоже надеюсь,neutral,positive
@DepGorHozSamara @MP_Blago63 @promadm Провал на тротуаре по Ново-вокзальной у спидценра? https://t.co/OMUzpxMuCX,neutral,negative
@notmambaa почему же,neutral,neutral
@tatttusya снято на глаз,neutral,neutral
@SGI_twt я где-то тихо гыгыкаю в сторонке,positive,neutral
@beshtash Остаются настоящие кыргызы сильные из сильнейших.,positive,positive
"челлендж за три дня выспаться на следующие 1,5 месяца",neutral,negative
я увидела эту селку в ленте и мне стало так тепло? хорошо? ((( https://t.co/aHahzbOUE5,positive,positive
"@MaeboraKim А ты обнимай пока дома никого нет😂😂😂
Я ждуууу👀💕💕💕😂😂😂😂😂😂💕💕💕💕💕💕💕💕💕💕💕",positive,positive
@saiiilor_mooon ты прелесть :( 💚,positive,positive
@KewniUn_ ты на каком этаже?,neutral,neutral
@irisha200881 По обоюдному 😜 даже и забыла такое😇,positive,positive
@den_ben_den2 за спиженый твит хочешь что бы уткин тебе пезду лизнул?,negative,negative
Пиzдато уложил волосы https://t.co/M2pexm6NEj,positive,positive
@vesti_news А на международном уровне признали?,neutral,neutral
@kQTWK2pwWHNHN2l Алёна лох,negative,negative
"филинов, если быть точнее",neutral,neutral
"СУКА
ЕБУЧАЯ ТЕЛЕПРОГРАММА
УРОДЫ БЛЯТЬ ХУЛИ ВЫ ЕЁ МЕНЯЕТЕ
Я УЖЕ ВТОРОЙ ДЕНЬ ПРОСРАЛА ИЗ-ЗА ТОГО ЧТО ВЫ МЕНЯЕТЕ ТЕЛЕПРОГРАММУ СУКА БЛЯТЬ",negative,negative
"@newnightmr Жиза жесть. Только у меня даже цвет волос не меняется всё такая же с класса так 6-ого :"""")",positive,neutral
"Я так и не купил подарок матери, потому что не знаю что ей нужно 😶👍",negative,neutral
Ну блин почему вам не зашёл мой тред с мемами(((,negative,negative
Оскар за лучшее начало фильма! Оскар им! https://t.co/xX0J1Fz56p,positive,positive
"‘ Вот здесь можете спросить меня что-то 💌 ‘ 

 https://t.co/y1o8uuLhKk",neutral,positive
@Barty_Jr_HPT Заколдованная или обычная вишенка?,neutral,neutral
я стремлюсь к ее уровню,positive,positive
"@zmeitsssa я только собиралась тебе писать, да, покупать!!!",positive,positive
"@c_florensis я не знаю
он дышал тяжело очень, а сейчас видимо все ибо мне его не откачать
я не понимаю что не так",negative,negative
@yesunshi выглядит слишком неправдоподобно,neutral,negative
"@exi_non но знаешь, если понадобится, меня можешь хватать и мне высказываться, нет нерешаемой проблемы",neutral,positive
"@nezhdalisuki @oqUmQ5ezZWgcBvw Эту тоже, похоже, били по голове",negative,negative
"Сделала коллаж Джакудо из манги ( в драмах контента еще больше!) 
Джакудо милые мужья, стеньте Джакудо https://t.co/tQMoU3UGxR",positive,positive
@nako_toyu Ты не знала что ему 14?? У него др в декабре вроде,neutral,neutral
"@YourFri82772241 @kompolk @leon_elk Суррогатное материнство, например.",neutral,neutral
@NSemirad Каждой веснушке поцелуй от капитана?🥰 А глаза его сапфировые на загорелой коже ещё ярче смотрятся,positive,positive
о намджуне мы поговори потом,neutral,neutral
@cute_dolboeb я тоже надеюсь потому что в следующий раз когда я снова позвоню отцу чтобы он сходил в магазин он просто не ответит на звонок,neutral,negative
@tagmax7413 @volkova__v А что я неправильно сказал?,neutral,neutral
"@turbo_pixel О, уже интересно, рассказывай))",positive,positive
@_neshli_ КАКОЙ БОЛЬШОЙ 🥺,positive,positive
@rauwvaness щас будут разборки. 🗿,negative,negative
а квесты всë сложнее и непонятнее ну щас подумаю https://t.co/QBdkS13xtO,negative,negative
@spasatelkubani Тыж на спорте))),positive,positive
Только что опубликовано видео https://t.co/pAyLZ2VPQS,neutral,neutral
Антон мне кажется это не совсем то https://t.co/UhmfAf6jZE,neutral,neutral
"@hellismesuka Прости,но я и сам для себя сладость https://t.co/KuxLRPS2xE",positive,positive
"В миллионный раз теряю веру в вк как платформу для контента
Мне нужен кто-то кто будет пинать меня вести инст",neutral,negative
"@_valera_valera ЛЕРА, надо ко врачу. Мне страшно за тебя 🥺",negative,negative
Лешенька а тебя то как туда затащили? https://t.co/F453dWJKMs,neutral,neutral
"@Dodeskaden2 @pani_walewska Ну, кое-чему она научить может точно.",neutral,neutral
я просто устала их прятать.,neutral,negative
@zhlobyara @ObsoleteKotik пора доставать волшебную палочьку,neutral,neutral
@stylishasshole сектор блядский цирк на барабане https://t.co/50uI7mZdvg,negative,negative
обнимашек?..,positive,positive
@gladkih_m @AlekseyCvetkov @Akapandai Я один раз кухню взорвал. Повезло и пострадали только волосы и немного кожа на лице,negative,negative
Из кого мультика сбежал ? https://t.co/KcC66UOif4,neutral,neutral
@notyoursryu Фисташковое мороженое,neutral,positive
"@dimsmirnov175 То есть Вы считаете, что помогать не надо? Позор",negative,negative
ооо солнышко я скучала наконец-то ты появился https://t.co/97uR0rgLD0,positive,positive
"@d5SayyUAL0rLSBL Столько людей смотрят КВН? Удивлён! Как можно смотреть всю эту ПавелВольню и прочую ""пельменятину""?",negative,negative
"мне посоветовали клип троя сивана на песню ""heaven"" иду смотреть!!!!",neutral,positive
@Vittorio_Nora чмоки!,positive,positive
@hanihomi пиши ау ниче не знаю,neutral,neutral
"@ElinaAli28 @SvobodaRadio И конечно же, сейчас мы увидим пруфы.",neutral,neutral
"@kimmix21 Конечно, да, ага",neutral,neutral
@litewren @karin_karin_b а без работы у человека не было бы стола и стула? он не платил бы за электричество и еду? :),neutral,negative
СЛОВИЛА ИНСУЛЬТ ЖОПЫ БЛЯТЬ,negative,negative
@bouwgx стоп а третий что это кто это,neutral,neutral
@Captainpiidoras @KirGoryacheff Даже его фамилия фонетически начинается с «би»,neutral,neutral
"@gnooskov ""Околпачивать"" это от прадедов наследие",neutral,neutral
"Буквально мое утро:
Меня поздравили ток мои любимые бабеньки https://t.co/HUJSILufiB",positive,positive
"@Barbara_Gray777 да есть растяжки упражнения для утра на 15 минут
просто делай их и все",neutral,positive
супер выпускной альбом получился),positive,positive
"2 банана, потому что я не хочу есть целый день. А из-за того что в бананах много калорий, то типо покушала.🗿👍",neutral,positive
Хаотично задалбываю подружек гиперфиксацией на утапри,negative,negative
смотрит в пустоту https://t.co/ONQQ0WbIeA,neutral,negative
@0xothik @Badou_N Хотя называть КСовскую систему накопления на любимый лодаут по моему жирно.,negative,neutral
"о грудном кормлении малышей: как удобно, что ты и есть еда. не нужно готовить",positive,positive
@jjp7for7 @serovolkislife @byulsse @314CYACHUU ясно сворачиваемся авторка потеряла память,negative,negative
Мои чаты с подругами раньше vs. сейчас https://t.co/aoMjEy6kI5,neutral,neutral
мертвецы вэй усяня когда слышат зов чэньцин https://t.co/erAiKgewZe,neutral,negative
"@Stan_Mikaela Юи в какой-то мере тоже был эгоистом, но Мика не отвернулся от него и продолжал любить 🤧",neutral,positive
"@N3w_World_Order Кста, флуоксетин сейчас и выписали, надеюсь он норм",neutral,neutral
"Тот, кто придумал доставку продуктов, гениален. Так в тему с таким состоянием",positive,positive
ОН. https://t.co/n7sTpBSsWF,neutral,negative
Иволга поет https://t.co/6f8zGStDyg с помощью @YouTube,neutral,neutral
@boneheadache Про собак или про детей?),neutral,neutral
Вот и Марадона - фсьо...,neutral,negative
@OliverSonder @blgrch как же мило вышло какая красотаааааааааааввв!!!!,positive,positive
"лежим с альтер на батуте, пытаемся фотографировать звезды https://t.co/8IzNfa8ngz",positive,positive
"@SobolewskaI Род ваш, действительно, богатый! :)",positive,positive
@outlook_31 с каких пор я так неоднозначно к тебе подкатываю чтоб ты написала новый фанфик хм интересно,neutral,neutral
АШИДО НАДЕЮСЬ СЧИТАЕТСЧ,neutral,neutral
"Синиша Михайлович стал почетным гражданином Болоньи.   

https://t.co/euL0EpWust",neutral,positive
"Так получилось, что год назад примерно в этих же числах я рисовала персонажа с похожим вайбом. Это что, прогресс?.. https://t.co/jW5DWJYUoQ",neutral,neutral
"Я опять заболела, сколько можно уже",negative,negative
@moscowdorofeev @premierliga Взяли интервью для программы так сказать «по горячим следам»?),neutral,neutral
@Subolta а у меня помидорки вылупились... 👉👈 https://t.co/E59WplzVnQ,positive,positive
"@ChristineSallot @laliemerald С контактным руководителем дипломная вообще не страшна, выбирай с умом ☝️",positive,positive
ОНИ !! ПОТРЯСАЮЩИЕ !! ⭐️ https://t.co/E9Npb0PFS9,positive,positive
"@negeorgeweasley если я закажу тебе гроб, то ты будешь счастлив?????",negative,negative
Суа в ленте плачу.,negative,negative
@kupol66 Конкурс «мисс Европа». 1930,neutral,neutral
@Dialog_UA Хорошая бизнес-аналитика🤑,positive,positive
@vegchelovek Весь этот комплект и ещё вот это 😏 https://t.co/SFR7B8pR8M,neutral,positive
"@scenerysaw ты и не пыталась, но удачи в начинаниях",positive,negative
Какая же прекрасная новость 🥰 https://t.co/fyOnkBCb56,positive,positive
"В Перми могут восстановить аварийный дом на ул. Уральская, 110 https://t.co/pYMInfq1qk",neutral,neutral
"плиз я хочу парные аксессуары хоть с кем-нибудь, это же так круто, ну",positive,positive
Мне пиздец.,negative,negative
@wjsnwdomination лучшая девочка!,positive,positive
"""трезвая жизнь какая-то такая стрёмная""
(с) артём azrtusa",negative,negative
@BTS_twt Фея животных найдена,neutral,positive
"@Lapsa141 Ладно, сейчас удал свой пост в твиттере. Это был крик  души. И приближающийся ПМС",negative,negative
Ирина Аллегрова - Бабы-стервы,neutral,negative
ОН ТУПОЙ ОН НЕС СТУЛ ПО ЛЕСТНИЦЕ И СТУЛ УДАРИЛСЯ ОБ ПОТОЛОК И УДАРИЛ ЕГО ПО НОСУ,negative,negative
@Iren_AAdd @VladLime БДСМ,neutral,neutral
"@yepavocado ВСЕ РЕШЕНО 
МАМА Я ГЕЙ
ПАПА Я ГЕЙ
МОЖЕТЕ ПРОСТО ПРООМООЛЧААТЬ",negative,positive
"@RenardsCorner Можно. И не бойся обращаться ко мне на ""ты"", я вовсе не против.
*бережно обнимает*",positive,positive
@limitless_is_u тяжела жизнь когда у тебя где-то по два-три биаса в одной группе(( https://t.co/38wV8ScVge,negative,negative
"@Be7s3Rk Невыгодно Западу Лукаша давить, ибо он может быть ещё одним русофобом, грубо говоря, антироссийским",negative,negative
@mcandrewbad @eliseyatwo @enkwik Зотейник какой 😏,positive,positive
"@osakhalinIsland Напоминание) Правильно и сделали, освежили память.",positive,positive
@udaff_ka Хорошие шасси.Наши бы пробили корпус.,positive,negative
мне кажется я заслужила мокко после всех этих тяжелых смен в праздничные дни,positive,positive
"До 10 000 приморцев могут потерять работу из-за длительного периода самоизоляции  (ОПРОС, ПЕРЕКЛИЧКА) https://t.co/lcFmh8Xa6u",neutral,negative
"@death4grip Ну тады, кажется, пора эволюционировать).",positive,positive
Когда Trailer Park Boys больше не вдохновляют и приходится подрезать сюжеты у New Kids Nitro https://t.co/ilmsOubLiI,neutral,negative
"@Deadly_Laser &gt;хорош в засолке

А ты хорош",positive,positive
ОН УЛЫБАЕТСЯ https://t.co/mrxjmq65lV,positive,positive
@lavender_iceraf Вот я сейчас лягу и буду плакать Даша,negative,negative
@yourspringtiger Капец смеюс,positive,positive
@primernaya69 Арми устроили БУНТ!,negative,negative
"@samuraikg Здесь не то что яйца. Если перейдём на мажоритарную систему, его партия окажется бесполезной",negative,negative
"@lncnhee ооооо, хуита аж зевнула захвхвхвз🥱",negative,negative
@Snape196009 А мама знает об этом?,neutral,neutral
@iffangsia Могу говорить о них мильон часов 😌✨,positive,positive
@sspitfire_pilot Из банов тебе толкьо шихек светит🤩,negative,negative
@Marishka1970 @SINIY_BOMj Токоприебников? Задумался,negative,neutral
@pMU8mWLk6NxejKS @matmamont @tikhon2021 @Olegvasin721 Ага и паяльников с утюгами в 90-е не было...,negative,negative
@doubutsugaku Хоть бы был,neutral,negative
В инстаграме всегда у всех все хорошо. В тви можно писать правду,neutral,negative
я теперь этот тэг буду использовать когда свою учебу стану выкладывать потому что могу,neutral,positive
@yes_Im_a_fucker МИЛЫЙ ПРОСТИ МЕНЯ ЗА эту манеру пиздец превратить в ещё больший пиздец 😭😭😭,negative,negative
@goldaedays ого столько вокалистов я уже вижу как юте дают 0 строчек,neutral,negative
@CORYPH_ жарко пипец я вообще не вывожу... у меня от жары голова кружится даже дома я 24/7 под вентиком сижу😔😔😔😔,negative,negative
@MsKirona Значит ждём. Залпом кооп ждёт )),neutral,positive
"@davasko63 @ma_snu Ага, люблю цю деталь 😎",positive,positive
@NatashaChernika Все вышло неплохо,positive,positive
Жозе «никакой драмы» Моуриньо,neutral,negative
@bian_98 Монстр кок👁️🕳️👁️,neutral,negative
@yoozoomy плачу((,negative,negative
"Ну че, ТИНДЕР, ГОТОВЬСЯ 😉😉😉
Поставила фильтр на девушек, наслаждаюсь https://t.co/3gKYhFZAt3",positive,positive
киуфанада Кинас фана склон молчания одна из долин национального парка керри долбанная Ирландия,negative,negative
"well
я расплакалась https://t.co/ochILSox2L",negative,negative
@harvonditta Мне нужно перевести дыхание от увиденного... https://t.co/ECS5jADut0,negative,neutral
Ребят а ведь Кири скоро запоет,neutral,positive
"@cute_x_cherry та нет, много есть. как-то не хочется читать почему.",negative,negative
"Хочу на жизнь кирпич повесить,
чтоб не въезжали дураки.",negative,negative
"@AlikaSoboleva Я сейчас так засияла ☺️❤️ Как же я тебя люблю 🥰❤️❤️❤️ Все сердечки отдаю, потому что я люблю! https://t.co/bEDIuqSun0",positive,positive
паблик говно кстати художниц они нигде не указывают,negative,negative
"@yaitsekletka ХОРОШО ВСЕ БУДЕТ, РЫБА МОЯ",positive,positive
опять ною да ну нахуй блять🥴,negative,negative
@bubaseungie в хозяйстве пригодятся,neutral,neutral
@daitaksoidet @rostik_tlenov С праведливо👍🏻,neutral,positive
"То, что сегодня произошло буквально выходит за рамки понимания, минус, я не понимаю",negative,negative
@HYLTBST @BANSHIHEK возможно,neutral,neutral
@fox_stpd Дай обниму https://t.co/kGlwb2QH9d,positive,positive
@Sakai_Horomi Звучит клево,positive,positive
"И что это за больной ублюдок, который вообще может педофилить меня в 34 да еще и такого длинного.",negative,negative
это разумеется дурацкий порыв длиной в день мб больше НО ЧТО ЕСЛИ Я ДЕЙСТВИТЕЛЬНО СЯДУ И ВЫУЧУ АААААА,positive,positive
@teo76mustdie Нет,neutral,negative
"Его движения так похожи на движения Тэёна!
https://t.co/7nnnTkMwYz",neutral,positive
@antareshope ладно( не буду ниче писать,neutral,neutral
"Скоро в России появятся новые игровые ноутбуки ROG. Одна из моделей стоит больше 250 тысяч рублей.

https://t.co/xLRd8MdfWM",neutral,neutral
@uwueconom Мой маленький цветочек мой милый ангелочек,positive,positive
"@Helen50346755 Я помню, что Чонгук был измотан... Я только с этого начала стэнить. А что с Чимином?",neutral,neutral
@elieniex алтайский край😭😭😭,neutral,negative
@hihihahant Я тоже🤝,positive,positive
"@swappopotamus Кастомку только с джейлом можно сделать. Без вроде пока не видел

https://t.co/FoSdCmgjQu",neutral,neutral
Даже в самые тяжёлые и темные времена помните 🙏🙏🌎Добро всеравно победит♥️♥️♥️🌎 https://t.co/B7PF24ZVOV,positive,positive
Гидра в Hades сменила паттерн. Внешне при этом она не отличается,neutral,neutral
"@shvetsmusor Ну почему бы и нет, интересно же",positive,positive
"@presidentaz #StopAzerbaijaniAggression 
Твой народ не понимает что всё это время они  были обманут тобою.",negative,negative
@sunnmiaa Прекинь,neutral,neutral
"@kngleeyum Не, просто лента балуется",neutral,neutral
ничего так не радует как продленная лицензия на jetbrains,positive,positive
"@princessopium_ Жду-не дождусь когда мы вместе с балкона на первый снег любоваться будем, попивая чаек  с энергетиком)",positive,positive
"@Dima_Erykalov Интересно, если шанс его возвращения домой?",neutral,neutral
@rnqiing Смириться и продолжать шутить👁👁,negative,neutral
@peter_prkt @thomsgirlfriend Но ведь это канон.....,neutral,neutral
@silent_Iiar разрешаю! тогда,neutral,positive
"@VRSoloviev Владимир, это дыхание будущей Империи?)",neutral,neutral
"@kraf_fon_grolok А поздно, а всё уже а всё",neutral,negative
@kidksyu @ayamin_di @CryingFoal КОНЕЧНО ДА,positive,positive
Надеюсь ухо не отвалится,neutral,negative
🕯 в полноформатном альбоме трэжер будет мичоганэ 🕯,neutral,neutral
Этот факт делает мне больно https://t.co/bM33OVZaSg,negative,negative
"Ты смотрела аниме, завернувшись в одеяло ,пока мама выделяла тебе комнату в семье....",neutral,neutral
@_chiki_briki Меня держали в заложниках😔,negative,negative
"@BorisAbramich Это ещё давно началось: с больных генсеков, чтобы на западе не смогли сделать анализы и узнать состояние их здоровья",negative,negative
@zamay86 замай сегодня че то разошёлся,neutral,neutral
@inosmi Похоже наши медицины разные,neutral,neutral
@babe_is_on_fire ну по сути лучше чем 8 или 12 часов на ногах 5 дней в неделю,neutral,positive
@goldenkookmad ДА!,neutral,positive
@koksik_24 там сильно не гуляла,neutral,neutral
@arichok_ Жиза,neutral,positive
@ksekasss @s__persh Вас давно выпустили из нижнего интернета?,negative,negative
"Прокуратуру заинтересовал бизнес главы НПАТ Никиты Злобина
https://t.co/ftSaTlz7zW https://t.co/J6P5Du20jw",neutral,negative
Таня дура 2.0 режим не сбит а убит https://t.co/YY6Lb5aoCf,negative,negative
@ivaost @I_zernov Агрессивного насилия*,negative,negative
@luccapon спасибо за понимание пойдём водочки хряпнем....,positive,positive
"ага, это на одном мясоперерабатывающем предприятии больше тысячи инфицированных.",negative,negative
@quqoququ Нету..,neutral,negative
в группе Нервы состоит реинкарнация Маяковского,neutral,neutral
кто-нибудь спасите меня от ютьюба,negative,negative
Как прекратить есть сладкое https://t.co/2h43fpV4GO,neutral,neutral
"вы видели эти посылки это люцик творил, они получали их типа от имени моего Мужа",negative,negative
@person_heureuse @kamontaeyang @meowshihua @icesarsaparilla наконец то,neutral,positive
"Информация о техногенных пожарах, произошедших на территории Алданаского района https://t.co/XhbAgiJrTs",neutral,neutral
@TubaOzyol @MTV @BTS_twt Юнги один из участников BTS может противоcтоять ведущему.,neutral,neutral
"Я уже должна быть в школе, а мой автобус даже не приехал, пиздец",negative,negative
@IrinaYushko @BX3MJBDJfpBGb8W Про слизняков и мокриц? Сейчас они больше на гиен и шакалов походят.,negative,negative
"Боже блять, Даша, прекрати мне сниться, пожалуйста",negative,negative
"@reallynofantasy Охх, сил нам всем пережить этот семестр &gt;&lt;",negative,negative
"@sir_assler да блять давай говорим по русский 😂😂
да я плохая и честная девушка😌😌😌",neutral,positive
Постановление Правительства РО от 05.02.2020 № 52 «О внесении... https://t.co/3tZJmvigMT,neutral,neutral
я ненавижу тик ток https://t.co/gfjc4lETEW,negative,negative
@once_1D Не против если я сейчас в дм скину? Хахахвхаха,neutral,positive
"Измерение уровня самоизоляции от Яндекса, которое я использовал для аргумента про Белоруссию:

https://t.co/awXXdgZPLi",neutral,neutral
я задыхаюсь https://t.co/EZUCs3VKal,negative,negative
"вижу DAY6 автоматически ставлю лайк, особенно если это моя любимая песня💜 https://t.co/lBMcwxl2nY",positive,positive
@luwuahn стоп нет ты писька,negative,negative
@sleepwithpunks потому что я заебалась бы уже стока бомбить с нихуя когда повода нет,negative,negative
"@stupidbrock Вот и хочется, и колется... Я попробую, пожалуй, зря, что ли, парик укладывал? Х)",positive,neutral
@kktobm окк,neutral,neutral
ЯЯЯЯ чувствую это все и правда я так люблю эти запахи... https://t.co/ZHr8TAfxWW,positive,positive
@Waggle_ua А зачем он сейчас нужен? Вроде ж бекапы уже в облако это самое,neutral,neutral
@newhella Апхахахвхвх ура! Наконец-то!,positive,positive
Искусала все губы сраные нервы (,negative,negative
@sai8ki ВЕЗДЕ они на деревьях растут в основном в лесу но так ваще везде это самый частый фрукт. они такие оранжевенькие,neutral,neutral
хочется встать в поле раскинуть руки и громко крикнуть господи какой же максим матвеев красивый,positive,positive
я есть в тиктоке девачки; https://t.co/PHbgibyCNH,neutral,positive
Настойка Из Кедровых Орехов — Средство От Всех Болезней https://t.co/1a6PvQC6ox,neutral,positive
В России отменен «банковский роуминг» - https://t.co/Mb8JGsgkHQ,neutral,neutral
"@NikolsaNNN Еще один случай, где фильм лучше",neutral,positive
@Crazy_Mingi я хз я видела это в страглс твит там тоже кто-то перепутал,neutral,neutral
@nooolannn Отлично 😌✨,positive,positive
Минкомсвязь собирается включить в список бесплатных интернет-ресурсов агрегаторов такси https://t.co/KMeQnwA6fi,neutral,neutral
@kuukiishi я погуглила там написано кевин,neutral,neutral
Я так кричу с их первой реакции https://t.co/pZizQY0Cjq,neutral,negative
@hibihiyouser99 я просто закрыла,neutral,neutral
"В конгресс США внесли резолюцию по ""нарушению прав человека в России"" https://t.co/oC3ooWKXi6",neutral,neutral
ПОЧЕМУ ОН ВЫГЛЯДИТ ТАКИМ.... Я НЕ ЗНАЮ.... НЕЖНЫМ??? СОФТ???? 🍑 https://t.co/uqUQTBrMkX,neutral,positive
@__garkssa_ ВОЛК,neutral,neutral
захотелось ЖИТЬ блядь,positive,positive
@__the_sun_ Я уже наполовину сдох от этих ДО,negative,negative
@_trypik_ две луны?,neutral,neutral
"@mydarkOrange °|°ржу.°|°

°|°хорошо.~°|°",positive,positive
"ночью дом был помечен БЧБ террористами, спасибо им https://t.co/XZdN53aV15",negative,negative
"В прошлый раз, когда я сделал это и упомянул @realdonaldtrump, мой компьютер сошел с ума медленно! Посмотрим, что будет в этот раз ?!",neutral,negative
"@pizdanahooyblad Увы ты алиса потому что нахуй она нужна норм челикам
Пососи",negative,negative
@Dikegodness Конечно же я не имею ввиду хронических алкоголиков и наркоманов,negative,neutral
сидим с подругой по фейсу вспоминаем наши старые кпопские деньки омг,positive,positive
@BarbariskaVk Вроде правильно,neutral,neutral
@linsbuba бля...,negative,negative
@anonasiks Это в приложении BIGO LIVE,neutral,neutral
"- А мне зима больше нравится, чем лето. 
- Почему? 
- Территория лучше простреливается.",negative,negative
@_tea_devil ДА)))))))),positive,positive
"Стрим еще идет, буду рад",positive,positive
"@k_sultanova моя зая,скучаю❤️",positive,positive
Если по первому скажут что Малахов или Галкин умерли от короновируса то будет пиздец в стране. Берегите их.,negative,negative
Михаил Исаев определился с составом «зеленой комиссии» https://t.co/2ofqUClmej,neutral,neutral
Это я заказываю ваши унижения Аллаху и я же должна же увидеть #кинотеатраллахаилолиты его дочка: https://t.co/GK04ftAqQA,negative,negative
дед не хочет идти в окей в час ночи:(,neutral,negative
@gayprimero @st1rygay @lunliss @snisinica @Xaocits всем снятся....,neutral,neutral
чтоб вы понимали сколько я ебусь с этими задачами причем значения там одни и те же а я все никак не запомню что куда,negative,negative
@SEv1QCcHcG5B48M Прям как мы,neutral,neutral
@bloodlnfectio АХАХАХАХА БЛЯТЬ.,negative,negative
@Potekhina56 Смех без причины признак ...,neutral,negative
"""В столичния квартал Столипиново"". Милото @BNT_1",neutral,negative
улицы гремят,neutral,negative
"@fu_ri_ya А, самое главное, я подписался на любимых актрис, где как не там можно их фото в одной куче смотреть и о новых узнавать)",positive,positive
"- Я позволю ей ненавидеть себя, но в итоге я спасу ей жизнь.

Стефан в конце 8 сезона покинул чат https://t.co/0xbGiVWxKd",positive,negative
"@ProektZhit @TamaraFilch Очевидно, смертность от этой причины включили в статистику по ковид - другого варианта не вижу.",negative,neutral
@AQDING3ThTYMQBk @Zamoro4ka_msk Там минимум 60 а то все 70,neutral,neutral
"@mosinka2020 Наши так не мелочились. Заминировали пол Крещатика, мало фрицам не показалось.",negative,negative
@dima_leemon В фнл полно мест для российских игроков и для Тамбова,positive,neutral
"@your_luciferr Да кусай, ей Богу 
Можешь даже наступить 🗿 🚬",negative,neutral
"Выбираюсь раз в неделю на улицу, чтобы выяснить что люди все ещё существуют",neutral,negative
"Там реально будет с кем встретиться и что посетить, легендарный",positive,positive
https://t.co/eS2aP147wj Беларусь: правозащитники сообщают о более 300 задержанных,neutral,negative
@tjournal Тупо продадут данные и всё,negative,negative
"@lllleeknow слава богу, ты не собираешься меня кастрировать-",positive,positive
"Окей, ребят. Кто тут из Казахстана и шарит в геометрии?",neutral,neutral
девочка кокетка стреляет в сердце метко..... https://t.co/7ZqM0WfY7Y,positive,positive
"@revanier @aquteru Российским финоуграм, что ещё не свалили терана",negative,negative
"@sshskpn Кто ты, если на тебя даже гнойный подписан? С ним затусуй лол",negative,negative
"@KaktusVanGogha Подарок парню на нг👉👈
Скинуть?🥺👉👈",neutral,neutral
"@zelena_helena @bottlesartonom @Knabineto @SwanMills_100 Моей дочке 10 месяцев, в 6 пробили и нет проблем.",neutral,positive
Я СНОВА С ПРОСОНЬЯ НЕ ПОНЯЛА ПРИКОЛА ААА,neutral,negative
"сначала аниме пересмотрю, потом буду перечитывать мангу",neutral,neutral
@sbrshv Повезло:),positive,positive
боже дай мне сил не убить этого придурка.,negative,negative
возможно небольшой рест?,neutral,neutral
"@MedvedevRussia Ну что, старина? Получил коленом под зад в качестве награды за преданную службу? Поделом.",negative,negative
Я - Активный гражданин - А ТЫ? Давай вместе сделаем город лучше! https://t.co/yRWF67kREr,positive,positive
@NikoStolz @dasha_bonjour Холодильник требовал жертву,neutral,negative
"@supermegafedor @the_lll_end @milosev1c Когда совести нет, это вообще удобно",negative,negative
@_ostatki @akozenko Она об этом и говорит.,neutral,neutral
@hatwithpotatoes ПОНИМАЮ.,neutral,neutral
@_tweet_aa Я сплю на полу....,neutral,negative
[iz] Бакланы уничтожают тайгу на  #Байкале https://t.co/YYn0miOmAg,negative,negative
@Sandrrrraaaaa_a Я тоже не понимаю почему все хвалят немцев когда мы сделали тоже что они только за пару часов,negative,negative
"меня только что чёт твиттер блоконул, твиттер, ты нормальный так делать?",negative,negative
«Что не по тексту?»: Рабочий вариант новогоднего поздравления президента 2020 https://t.co/dtjpSdLZLZ,neutral,negative
@Sintyaca666 🤣🤣🤣🤣 Вкуснотища. Ебал- дремал 😂😂😂 Кто эту хуйню выдумывает?),negative,negative
Украинцы «на Багамах». Опубликованы сотни тысяч документов про офшорные фирмы на Багамских островах • ... https://t.co/cOuQS1YuXd,neutral,neutral
(часть четверта кратко) ответы пояснения Юрия Степановича РЫБНИКОВА https://t.co/RB8R1OJySH через @YouTube,neutral,positive
"@sablinmga Хуюшки!
И пернула ртом!",negative,negative
девочки не повторяйте дома трюк выполнен непрофессионалами,neutral,negative
"@dw_russian Ещё даже инаугурации Лукашенко не было, в начале ноября без неё он потеряет все права. Поэтому Тихановская права.",neutral,negative
"Омские алкогольные заводы «ОША» достанутся фигурантам уголовного дела «Зерна Сибири» 
https://t.co/lqejadbCWB https://t.co/M9FJUVQtGZ",neutral,negative
господи какое же уебанское слово дноклассники,negative,negative
"я не знаю??? возможно она не так поняла что я имею ввиду, но кидаться на меня что обосралась ну типо? ты норм вообще",negative,negative
@AfrZEZP9fziFNIl Естестна😹,neutral,positive
фильм  https://t.co/1n0tn4JZUn,neutral,positive
"Чтобы не словить панику, что не могу выбрать подарок, пошла и купила себе обновки. Умею решать проблемы",positive,positive
@jadno_ Хвала,neutral,positive
"@neurasthenic_ Я смотрела в какой-то озвучке и там было:
-я б женился на такой
-мне ещё рано замуж
ПЛАЧУ",negative,positive
Беды друга Путина и Пригожина. Протесты в Судане опасны для Кремля https://t.co/NfsW58Ek5f,negative,negative
@etufilns @NCTsmtown_DREAM в смысле... это же седрик,neutral,neutral
@nteashit ооо это верно😌,positive,positive
Пока ты думаешь о нём я думаю о... гречке с курочкой,neutral,neutral
@doogeunmi @bbcryhyun лучше лте кстати 🚬,neutral,neutral
@gralxncer @ser_barnes ИЗ-ЗА ВОЛЕЙБОЛА ПОДУМАЛА ЧТО ЭТО КАК-ТО СВЯЗАНО С АСОМ,neutral,neutral
@i65586242 Я собирал. Тогда наборы продавали,neutral,neutral
"@shadowshadow301 @Szaj4enko @GolosAmeriki Затягивай Тарасик, протяжно, со слезами на глазах - щенэвмэээээээрла🤣🤣🤣",negative,negative
@Mad_akuma ЭТО ВСЕГДА КРУТО,positive,positive
пойду раздену кена,neutral,neutral
@ssatan_twt ппц ною🥺🥺🥺🥺🥺,negative,negative
@OnlinerBY А смысл? Через стор взять проблемно? Waste of time,negative,negative
"@Sandy_mustache Ну это же Северный поток - 3🤣 
Его только думают, как делать. Ведь сначала о других путин думает, а потом о своём народе.",negative,negative
"@sohi1962 Какая армия, такие у головные уборы 😂🤪",neutral,neutral
@vzay123 @_semper__idem_ @xMObrzFK11nDDyE @tank8087 Ты уже прочитал мои рекомендации?,neutral,neutral
@SINIY_BOMj @kopeikinamariy2 😂😂😂 А так таки вполне радужный,positive,positive
тоже что ли вашу эту тайскую дораму начать,neutral,neutral
@lee_zetro КАК Я ПРОПУСТИЛА,negative,negative
"@pas_aggression ШЛЯПЫ НЕ ХВАТАЕТ, НО БУДЕТ ОКОЛО +30, Я НЕ ГОТОВ",neutral,negative
@_MiKro_KoSmOs_ а если они на выступление снимут его с него...,neutral,negative
"Я хочу признаться....... Я люблю жопки шмелей.
Конец твита.",neutral,negative
"@Viliya_1275 мне с тобой очень комфортно общатся 🥺🥺💚и интересно ,тебе есть что рассказать",positive,positive
"@Floris_Wilson Аааа Я только сейчас увидела, прости, думаю через минут 10-20",neutral,neutral
@_Melnichenko Замётано. ))),positive,positive
@_bakana_ ты угадал,positive,positive
@saeni_3 Надеюсь ты не про меня,neutral,neutral
@pollumy ПОДОЖДИ НУ МНЕ КАЗАЛОСЬ ДА,neutral,neutral
@jeonbabyx приятно познакомиться!,positive,positive
"@kukumberRif Почему это так жизнено....
Я ведь тоже в очках ходила.....",neutral,positive
"хочу кушоц,но из кушоц только мои акварельные карандаши с маркерами которые сдохли,так что блять иду есть свои слёзы",negative,negative
@nufrolofff мелаксен для смены режима как раз придумали),neutral,neutral
@northen_home понимаю 😔🤝😔,neutral,negative
БЛЯТЬ БЛЯТЬ БЛЯТЬ,negative,negative
"Ещё одну сняли...чтобы повысить...
Сажать их надо с конфискацией имущества как должностное лицо!
https://t.co/UUWrBBexwP",negative,negative
@lairethist ольььь ты выглядишь супер!!!!,positive,positive
"@hagenau1425 Нет, пищим!",neutral,negative
@yakubenko_m Уже сказал наш что мы не готовы к следующему этапу,neutral,negative
Кремль вид сверху https://t.co/7wox3MP4BK,neutral,neutral
@DarkDanteXIII -учи других убивать демонов.,negative,neutral
@perfectblu_e я сама их увидела недавно и просто А ВЫ КТО??🗿🗿🗿🗿🗿🗿,neutral,neutral
знакомая с эстонии уже посмотрела довод и сказала что некоторые сцены снимали у них😭,negative,positive
а вы тоже одеваетесь в костюм колбаски когда становится скучно? https://t.co/XJVhwJCTyO,neutral,neutral
серьёзно вышла на улицу впервые за неделю и первое что сделала это СПОТКНУЛАСЬ ОБ СТУПЕНЬКУ,negative,negative
"@rpmubhsTjQbJZ5b 😯Как же вы жили без кисули?😄Я дня не помню, чтобы у нас кошки не было, сейчас трое))",positive,positive
Я ХОЧУ СОБАКУ,positive,positive
"@chimdilin_7 Чтобы получить аттестат и уйти из этого ада, нужно ещё 3 круга ада пройти…как будто 9-ти было мало😑",negative,negative
@max_1976 @Sirozhych Знакомое место.,neutral,neutral
Арест «вагнеровцев»: в Беларуси могут отключить интернет из-за «возможных провокаций» https://t.co/tHxS4dTLpK https://t.co/NiOhA1s8u2,negative,negative
"все там кого-то отмечают, аж как-то не по себе
просто я лохушка да и у меня такого не было, ахахаха",negative,negative
@Lenochek02 Сделал это во второй раз после третьего свиланка!🥰,positive,positive
"Тарифы ОСАГО станут более справедливыми https://t.co/lRNuQK48ba #ЮридическаяПомощь, #Коломна https://t.co/FlMK0FN9Wj",neutral,positive
"@alentina27 Бедные дети, кто из них вырастет с такими родителями",negative,negative
"@alexgalimov72 Чья Россия?? Россия Путина,Яровой и иже с ними!! Зачем нашим детям такой предмет??",negative,negative
нервно жду 20 минут в надежде что это ВСЁ,negative,negative
@ded_twice в чем конкретно есть разница?,neutral,neutral
надеюсь это уже ваша любимая рубрика https://t.co/uxXmpU1m3m,positive,positive
"из хорошего в сезоне:
- песня ""слезы""
- Маура
- Ксюташа
#пацанки5",positive,positive
"Брелок-игрушка TY Beanie Boo ""Фламинго""
https://t.co/SbPlDlNCk8",neutral,positive
Теперь я хриплю шиплю и гроулю для полноты картины осталось только научиться харкать кровью,negative,negative
Хочу просто обниматься обниматься обниматься обниматься обниматься,positive,positive
@lovely_Ailin Ты серьёзно задумалась...,neutral,neutral
на всякий случай загуглите правописание слова «розетка»,neutral,neutral
@AlyonaPikachu Пиздануться,negative,negative
ХОЧУ СКАЗАТЬ ЧТО ОМИЧКА ОЧЕНЬ ВКУСНАЯ,positive,positive
@Capt_Pereira И не боятся обосраться от разведённого кипятка водой из под крана.🤣🤣🤣,negative,negative
"@DRIVEyoucRazy89 Отличная работа! Я вами очень довольна. 5 баллов лично вам, и 30 Гриффиндору. Обещаю еще поблажку на экзамене /подмигнула/",positive,positive
@Fedya200121 Дай вопросы,neutral,neutral
"И здесь я поняла, что академия куда я хочу поступить, есть не только в Новосибе, но и в Питере",positive,positive
"три руки вышли из дохуллион, можно отпраздновать.",negative,positive
"@McCreation3 Спасибо!! Я рада, что получилось передать их эмоции /о/💛",positive,positive
прикатилась,neutral,negative
Но что он будет использовать для перестройки и гласности? https://t.co/7V5x8fRhGx,neutral,neutral
"Сегодня ночь без пидарасов, самому обидно",negative,negative
"@Kosmadrom Я заметил, не обижайтесь на болванов, тем более на тех бездарей, которые          «алекают»!!!",negative,negative
"Я: вижу плачущее животное
Я: я не буду плакать я не буду плакатьянебудуплакатьянебудуплакать я плачу",negative,negative
@Linaaaaaaa_0696 Так как я тоже не могу,neutral,neutral
"У меня всё по-старому, ничего не происходит. https://t.co/45ba2JCOD4",neutral,negative
"Хочу в Швецию, переехать.",neutral,positive
"Шуточки про 14 и 21 балл Феликса и Бени лучшее, что мог дать этот мелфест",positive,positive
Учёные выяснили причину плохого самочувствия космонавтов https://t.co/iNrEjpA3zZ https://t.co/s87by5G8ro,neutral,neutral
@my_day_stay а если обнять?,positive,positive
@FoxesAreHere полностью согласен,neutral,positive
Завтра на стриме буду учить молодежь. Основы куколдианства от Мапцука. https://t.co/EcObOwEVgD,neutral,neutral
Коротко о моем брате : https://t.co/Ec5Yl3R1rx,neutral,neutral
Хочу быть Юрой Ивановым.,positive,neutral
"Киоши и внезапные открытия: император мудак оказался всего лишь подростком, спасенный ими человек - буквально монстром",negative,negative
"@belka_nh надо, но зачем?",neutral,neutral
@itsmyownkingdom круто!,positive,positive
@youknow_itisya Аххаха 🤡🤡🤡,positive,negative
@11dewey11 вот это балдёж,positive,positive
@dolly_6ll3 МАШ МЫ НЕ ПРОРУБИМ ДЫРКУ В ЗЕМЛЕ МЫ НЕ ИЛОН МАСК,neutral,neutral
@huy_pionerki *ушел на поиски личинок*,negative,neutral
"@DeliNicole @teddygrayss Что-то парень в своих комментариях наделал столько ошибок, начиная с глагола «надевать», заканчивая своим мнением",neutral,negative
Пропадись всё пропадом.,negative,negative
@_just_joe_0 Еба я всё ещё жива?,neutral,negative
"Покровка, 1972 год. https://t.co/xD04axX8xs",neutral,neutral
"@huigrik Я тоже заплакал, смотря эти видео. Печальные истории про сильных людей",negative,negative
никогда не было и вот тебе на,neutral,neutral
думаю самое лучшее действие в игре https://t.co/bqlcMAzk5Q,positive,positive
@Ramita_S Соглашусь с этим.,neutral,neutral
ненавижу себя.,negative,negative
хочу ПИВА,positive,positive
@enthuugh привет! буду только рада!!,positive,positive
@SamMobilePriem @BFX59aSMXrMPmyZ @D_Azaroff Рассмотрим возможность ремонта тротуара в текущем году,neutral,neutral
@ktmrnv71 не железная,neutral,negative
"если что чс в верхнем правом углу, ами❤️",neutral,positive
@shadow_hunt Она явно повидал жизнь с такой то внешкой. https://t.co/3l23sWBW1z,negative,neutral
У этого тиктока вайбы сплюши 🗿 https://t.co/jVNtVzuuCP,neutral,positive
"ладно этого стоило ожидать
пошел сильный ливень мы были на улице далеко от дома

сейчас стоим на крыльце магазина ждем когда утихнет дождь🤭",neutral,neutral
"@ea_potapoff Снял издалека и хва, какого хрена надо так навязываться) Прибила бы ублюдка. Достали эти ""корреспонденты"", повсюду.",negative,negative
КенХины такие софт,neutral,positive
@vmadi_ ОХУЕННАЯ ИДЕЧ,positive,positive
"Официально заявляю, что формат А0 это пораждение дьявола",negative,negative
@banana__stitch Это классно что у тебя есть эти люди,positive,positive
@BTS_twt ты блин лучший надеюсь лыба потому что узнал что у тебя есть деньги чтоб купить билет на чемов в питере,positive,positive
@Sofi_Aznaur @SofiAmeli Да!,neutral,positive
"@ang_cvet потому что не похожи, ты видимо в батю",neutral,negative
@iosonodio_wry ДА НЕ ХОРНИ Я НА НЕГО,neutral,negative
@Green__T1 Два раза,neutral,neutral
"@miroshnikov161 @volroaytep Он же не ребёнок, чтоб реагировать на все подряд",neutral,neutral
Зеленский пока не планирует кадровых изменений в правительстве – СМИ - https://t.co/WCjjNtkCfh https://t.co/4hkeUY9Uky,neutral,neutral
"Моя семья ❤
Моя любовь ❤ https://t.co/IX5kw1hF9i",positive,positive
@persipelle Урааа💜,positive,positive
@iva_ruinite ТЫ ГДЕ ГУЛЮ ВЗЯЛА!?,neutral,negative
"Иногда мне кажется,что все,что я заливаю в твит - не в моей голове,а в головах моих близких.",neutral,negative
@G_Zyuganov Ну вот завтра 27 апреля вы обьеденились и что делать будете? 🤔,neutral,neutral
Всё всем спокойной ночи 🌙 https://t.co/eowdd1HdwC,positive,positive
@YouR_PersiK я просто задумалась,neutral,neutral
"@Leha_n0t @7s7a7v7a А 100го, если бы сидели у подножия памятника?",neutral,neutral
"@ru_rbc Да, криминал охуел и чо?!",negative,negative
"@ManiacTactile там мог быть я, но ты пропала.. и пришлось искать тебя по фото! и вот я тут",neutral,neutral
"@sacramen_tum Пхахахах, дадада )))",positive,positive
@kmoo_m он плакал и просил отругать его..............,negative,negative
"@uchiha_mirra Дааа, обожаю🤤",positive,positive
ДЕВОЧКИ ЧЕ ЗА ХУЙНЯ,negative,negative
"думаю, кто-то есть ещё, кто после лайка заходит и читает профиль лайкнувшего, или только я",neutral,neutral
@ABrytkin 100% это с дно тв @shhhnyak,negative,neutral
"@0x190C5A Так, дай локацию, поеду",neutral,neutral
во сне я какого-то хрена оказалась на сцене и хосок держал меня за руку успокаивая меня . . .,neutral,positive
Я СКАЧАЛА ТЕРРАРИЮ НА НОУТ @altaismylove,positive,neutral
@yoEM9rerZYHCHb6 @vova_kovynev Болеет,negative,negative
@RNomicon @shepel2602 Я знал,neutral,neutral
@Fake_MIDRF Фашистка,negative,negative
@eklerka_twit ТЫ ДАЖЕ НЕ СМОТРЕЛА-,neutral,negative
больше не собираю заебалась,negative,negative
"Сижу продумываю сюжет к аушке с эдом демоном
И понимаю что это какой-то тёмный дворецкий в антураже фма
Ну значит так и будит✌🏻",neutral,neutral
@lion_mak5 @navalny Причём тут Путин и хохлы?,negative,neutral
@snakey_ssnake Делать еще ╰(‵□′)╯ (мне понравилось),positive,positive
@0tea0party0 возможно,neutral,neutral
радфем ебанутые,negative,negative
@yon_yon_aksi Очень люблю эту песню. https://t.co/vGroCVkt9O,positive,positive
на жуткие жертвы приходится идти ради спасения мира https://t.co/T79jcJRc83,negative,negative
@Boolmilliona нет,neutral,neutral
"котики,добааляйтесь в вк,всех принимаю. ссылка в шапке🥺",neutral,positive
@angi_je Не знаш шта те снашло...добродошла у клуб!,neutral,positive
Все чаще и чаще в последнее время чувствую желание не появляться в интернете. Просто от всего этого отдохнуть,negative,negative
@URLLkgWccuFl2oF @VVP2_0 я сужу по тому что мне доступно,neutral,neutral
"@6eJIo4kuH Привет ты чо ЕБАН? 😏
Тя ебет че она у себя на странице показывает? Тя ебет её фигура и на каких диетах она сидит? 🙄",negative,negative
@Xeb03m05rdCIzYv Везде тату лишнее. Как клеймо раба.,negative,negative
"Поздравьте меня, я съем первый за два месяца завтрак в будний день",positive,positive
@JkuCTR5ih3oDeG0 почему ты такая милая,positive,positive
@Khimkibasket @EuroLeague Бк Химки! Вы дауны. Баните за критику. Недокоманда с ужасным тренером. Стыдно смотреть,negative,negative
хочу пива(((,negative,negative
"@barak_obmana @USSVVA .... ""Главное теперь, чтобы дедушку Ленина в шарите не отправили! """,negative,negative
@psihologkonohi ???? Не понял,neutral,negative
@zabastcom @Beria911 Какая похожая история https://t.co/pzMbEtMVqf,neutral,neutral
@romanger89 @captain_vant Напомни парню что у болел мусоров есть паинт больные стволы.,neutral,negative
@kseniyusha Да я не против))),positive,positive
"хореографию how you like that ставила Сиенна Лалау, которая так же ставила хорео к On и Dionysus...мощь https://t.co/Wv5izZrI8s",neutral,positive
@Tina_azarenok Сходи на рынок - никуда ездить не надо.,neutral,neutral
@nikitonof @helsing_genocid @try_to_wake_up @noga_introvert Ааахаэаэаээаэаэаэахахахахаха,positive,positive
"сделаешь                        обязательно
его счастливым              
ради меня? https://t.co/v5XgKWjOLe",neutral,positive
@timsdeepdreams ТИМ ЭТО БЫЛ ТЫ 😳😳😳,neutral,positive
"Сразу видно, интеллигентный сотрудник милиции.
Видео: Болот Ибрагимов https://t.co/vZP7CmmH5Q",positive,positive
Со мной все хорошо,positive,positive
@motherland_sale думаю тут грань размыта,neutral,neutral
"А потом блять р-не будут говорить да чё ты обижаешься сама же ушла
Да ничего блять",negative,negative
Рэпер Канье Уэст стал первым в истории заслуженным артистом США https://t.co/6mPyt30VSY,neutral,neutral
"@Alex_IT_83 И как он, удалили и всё наладилось?",neutral,neutral
На ремонт общежития спортцентра по подготовке национальных сборных выделено 6 миллионов https://t.co/FbkoDF8qJG,neutral,neutral
"А это нормально, обвинять в мизогинии женщин, которые не хотят использовать феминитивы?",negative,neutral
@z03t77k сейчас секундочку щас щас,neutral,neutral
"@TerakadoTsuuSup Да, я сейчас на дистанционке, так что хоть и недолго, но могу позволить себе такие глупые вещи🥺",neutral,positive
На улице кто-то орет. Это арми?,negative,negative
"как МАГ может вернуть любимого без ГРЕХА?? ? и вените ли вы, что белая https://t.co/ECvpB4wPgl",neutral,negative
Теперь болтает просто всегда😄 https://t.co/CChFS51SMD,positive,positive
"Появилось интересное нововведение, оцени! ""Светофоры на солнечных батареях появились у чебоксарских школ""
https://t.co/FsRTlXgNM6",neutral,positive
"Какие же вы дебилы, у многих завтра вообще учебный/рабочий день",negative,negative
Посоветуйте какой-то сериал!!!))) https://t.co/F7tJ7UkpFb,neutral,positive
настоящая броржская дружба 🤜🏻 https://t.co/k3jl5PB6Ay,positive,positive
@tsuru_kun Я в вк сегодня начиталась) на нгс я не захожу уже почти неделю и чувствую себя превосходно :D,positive,positive
@Happy_Revo Где смотрите?,neutral,neutral
Со времен СССР люди загорают у Петропавловской крепости – в самом центре Питера… https://t.co/eHMR16mub4 с помощью @sportsru,neutral,neutral
Если сценаристы убьют Джагхеда ( что тупо ) я прилечу а Америку и засуну им бутылку рома Лодж в одно интересное место  #Ривердейл,negative,negative
"омг забыла сказать как меня зовут КАКОЙ УЖАС ЭТО ЖЕ САМОЕ ГЛАВНОЕ
мыш без ь",negative,negative
СТОП ЧТО ЗА ГЛАЗ https://t.co/Kkfad5v7DG,neutral,negative
"Отличный сайт для трейдера, много полезных и дельных советов с обзорами на брокеров , рекомендую  и вам . https://t.co/W1Aa2povp3",neutral,positive
"@dabkor Не.... не идет. Вы в нем как этот смайлик) берите другой фасон. Если на халяву то можно на дачу. А так нет, и маловат и не по фигуре",neutral,negative
@valenayaspers Вышивать словами - отдельный талант),positive,positive
"пока всё, сегодня нам предстоят фрески и погружение в Суздаль",neutral,positive
@DokUSSR ... К соседу в гости за солью сходить и краснея признаться - Ой ! Не добегу ! ...,neutral,negative
ебаный боберный как же прекрасна джилл валентайн 😳😳,positive,positive
"господи, этот парень ведь даже н пытается замести следы?? его можно Очень легко вычислить.",neutral,negative
@evilascaris коричневые персонажи где почему до сих пор не вижу коричневых персонажей,neutral,negative
@di_mi_ni_ Ты уже наш френд🥴🥰🤫🤩,positive,positive
@caucasus_north @littlevasya85 @tvjihad И они все делают по Корану - даже ссылку могут дать. Вопрос интерпретации,neutral,neutral
@LonelySparrrow Лол.. первого сентября разве учились? Выходной же был? Или я что-то путаю?,neutral,neutral
@n4z4rOFF Как хочешь…,neutral,neutral
Скучно работать на удаленке без игрового ПК/приставки,negative,negative
@kcaihin2 Обаяшка. https://t.co/9SYm68tKem,positive,positive
@akdfdfaslis не может ибо территория государств учередителей ООН суверенна,neutral,neutral
@nosiktaetae бля нахуя,negative,negative
@rYERCa2qkLW6pg8 @HistoryFoto Че опять на синьке?,negative,negative
@msucrop @soonhjgn @ramemori ты родилась в 2011?????????,neutral,negative
Та заебали https://t.co/eITB0wBoXk,negative,negative
@jimins_wife_twt Аммм спасибо бро я типа рил тебя обожаю да,positive,positive
@palmdrmss ничего,neutral,neutral
@_babymochi08_ когда встретимся?,neutral,neutral
как же я хочу тебе ебнуть. ты не представляешь.,negative,negative
@jnemirine хорошо☺️,neutral,positive
#УАЗ представил экспедиционную «Буханку» https://t.co/5FHeO8JdXS #авто #новости #новинки https://t.co/hu1VFTmI8Z,neutral,neutral
"А у вас тоже сохранено 100000000 масок в инсте, но из-за вашего прекрасного личика вы не хотите это выкладывать",neutral,negative
"Мой малыш #SEHUN
дорос до взрослых 💏💏💏💏💏 

@weareoneEXO @layzhang @B_hundred_Hyun https://t.co/Q29BvFUiqH",positive,positive
@sazi_dash7loo щас,neutral,neutral
боже щас пойду и как нахуй высплюсь,negative,positive
@kingofqueerland А вы батенька экстримал)),positive,positive
"Никто:
Я всем подружкам в гс в 22:30: ХОЧУ ФАНТУ",neutral,positive
"@moorland_bird говорит, что писала ей до зачёта и ей сказали ""всё на сайте, вы, видимо, в этот раздел слишком давно не заходили""",neutral,negative
"@iKorneychuk Last of Us (remaster) - первая, но не вторая? :)
а так прекрасный список же! https://t.co/62VwBBPC84",positive,positive
"ок, поменяла мнение https://t.co/si8w3wjaSH",neutral,positive
Протестующих предложено понять и простить – Газета Коммерсантъ № 21 (6742) от 06.02.2020 https://t.co/vgHFfqM30K,neutral,neutral
"@domru_ @dikobrazz_super Ой, нахуй иди из моих реплаев",negative,negative
Куда пропал Закревский? Забанили или запрятали?,negative,negative
Только что опубликовано фото https://t.co/DYHKqKN951,neutral,neutral
@bs_lissa @jksbabyboo @Twitter ВЫ АХУЕЛИ,negative,negative
@365data_rvk Зю рулит),positive,positive
@musaypusya Я смотрела этот видос только из-за огромной любви к купляше 😄,positive,positive
"@Origami78923070 @BAMBOT1638 И бабки у подъезда начали шептаться: ""Пгаститутка пошел""",neutral,negative
"ну зато по утрам можно спокойно печатать главы к фику, хоть что-то 😐😐",positive,neutral
"@mint_smoothie_ Вроде бы ничего страшного, если научится её контролировать и относится к ней хорошо",positive,neutral
"@karinaWOLF01 слушаю на повторе мэйхуа и рыдаю 
учитывая о ком она и как закончилась эта история 
тот человек тоже ко многому стремился",negative,negative
@blatBLR О нет.,negative,negative
@nigrumoculos @vinssette я вас НЕНАВИЖУ,negative,negative
@hi_meringo ЖИЗА бля я думаю что вот я кому-то нужна а это они(((,negative,negative
"@_Kipyatok А то получается, что черный вертолет как пятно на розовом фоне и забирает всю информацию с картинки в общем )",negative,neutral
"@Iamflowerfrog 🥺 нуу вот как можно быть такой прелестной, ты мне скажи
даа как минимум до альбома вэйви",positive,positive
@taeveed Первая как настоящая,neutral,positive
@wetal1234 Парадокс.,neutral,neutral
"Вышла после душа и пахну как ванильная булка🥰🥰
Хоть какие-то радости в жизни",positive,positive
моя подруга вручила мне зенитовский брелок со словами с прошедшим тебя бомжиха друзья правильные 5 звезд из 5,positive,positive
"@skyllaan @sovetdacoffee Надо же подмазаться после неудачного отбора конкурса 🤣🤣🤣

Не можешь победить - подружись 😂😂😂😂😂😂",positive,negative
Ночь или день?,neutral,neutral
"наконец соизволил выпустить
зараза эдакая

никто:
мой кот: https://t.co/QCFuQqSV3x",negative,negative
а еще я кажется влюбился ахах,positive,positive
"@blacktriss Ну я ж неебацца люблю помогать всем, вот и пришлось....",negative,positive
@AlinagonnaDie ССАНЫЕ,negative,negative
Листья березы #Природа #Якутия https://t.co/JCQUDJSFGh,neutral,neutral
"@law_tattoo Слыш)) открой форточку, впусти свежий воздух 😏",neutral,positive
внезапно осознаёт что ВЫШЕ ДАШУНИ НА 1 СМ,neutral,positive
@yours__crush__ У тебя сегодня такой насыщенный день,neutral,neutral
@retsnom___ я так рада 🥺🥳,positive,positive
"В общем, слушаю и ем черешню
Kuji Ninja: день рождения, лето и пропаганда’ by KuJi Podcast on #SoundCloud? #np https://t.co/yraNdRMar5",neutral,neutral
"@sunflower__vv Хорошего дня,повеселитесь💖",positive,positive
@numnanayuma НЕЕЕТ самый лучший мальчик,positive,positive
@pihto333 @leonidvolkov Батоны),neutral,neutral
@n21_07 Я О ТОМ ДЕ,neutral,neutral
"Ну мы с Лизой вообще самые трезвые были мне даже не дало в голову хотя мы 3,5л на 7 человек выпили",neutral,neutral
блять чувствую себя студентом меда,neutral,negative
@i_korotchenko @alex_potapov73 Ульяновск' 5800 рублей,neutral,neutral
@kakjitetyjizn Все еще смешно да? Надо было его в красный ебнуть для достоверности👌🏻,negative,negative
"Сейчас как обновлю ось, как начну материться в ночи.",negative,negative
@kto_ya_hhhhhmmm а откуда узнала,neutral,neutral
"я как обычно из крайности в крайность, у меня либо полный пофигизм, либо нервный срыв",negative,negative
@korajjk ОО погнали,neutral,positive
@yourloseer вау,positive,positive
@edupsy1221 Исбасиба😍,positive,positive
Вязание спицами - пуловер с чередованием цветов: схема с описанием вязания https://t.co/vBVAwCEZvf,neutral,neutral
"да, я буду ретвитить все ассоциации со мной, с которых я кайфую, потому что мне невероятно тепло просто всё это перечитывать и представлять.",positive,positive
@_kyotaa_ полностью согласна это очень уву уву,positive,positive
"@aavst @navalny Ну не удивительно, если вся страна друг друга спрашивает: Ну что, смотрел/а?9",neutral,neutral
@sandrariosleo я тоже не знаю..... надеюсь она в порядке,neutral,neutral
@cactushuyactus мило❤️,positive,positive
@nikola_skeij Аня...,neutral,neutral
пятый когда собрал всех сиблингов в новом таймлайне https://t.co/Hrpx2ZIrJr,neutral,neutral
@kruceresku Казанова,neutral,neutral
"Серпуховичей информируют об автоматическом продлении жилищных субсидий

https://t.co/BsjQMY95Vu",neutral,neutral
"Смотрите ""На шикарную квартиру главы ПФР пенсионеру нужно копить 2777 лет"" на YouTube https://t.co/CCTtYrwfTr",neutral,negative
В моих снах даже Мориарти паникует.,neutral,negative
Одеваюсь как бомжара и мне нравится,positive,positive
"@kpru Маски появились, надо продать? А листовки, на выборах, бесплатно раздаёте! Катись к чёрту, упырь едросовский!",negative,negative
"@kristinaboyar его зовут Глеб, он любит печеньки^^
он очень послушный https://t.co/O87C75WgHC",positive,positive
@banpoprichine_h Ну окай,neutral,neutral
@hanlkd_twt Куда ответить?,neutral,neutral
а стоп нет она просто написала,neutral,neutral
@pepivuul1 Бубуничка моя,positive,positive
"@moriartymustdie а я тысячу раз буду отвечать, что тоже люблю тебя 💖",positive,positive
"Не знаю как вы, но я обожаю смотреть фильмы ужасов ночью",positive,positive
хочу чебурек,positive,positive
@pinkSchmuck Ты тоже не хорни,neutral,negative
"@edithpifpaf Ничего не изменилось со времён школы, ни разу не улыбнулся) я уныл))",negative,negative
@nekomaloveyou @yaku_loves_u Только хуй остался с ним....,negative,negative
"@risyalvbot оо прикольно, лет 5 назад да я в такое любила залипать",positive,positive
"если я не потрахаюсь в этом жизни с хосоком, то в чем смысл",negative,negative
@mi_lyipersik_ блен прости я постоянно о них забываю,neutral,neutral
@YQPci1AeWAkkBr4 @DollyKeiiy @max_lipa @Deadinternet @Nikita_R0 1го пожарили и уже съели),positive,negative
"Сегодня пиздец какой ебанутый день

Спасибо блять",negative,negative
"Хехехех😈
Кражи продолжаются https://t.co/YZroi8EeBu",negative,negative
@VS_Oblomov Они боятся даже слова - «правда»! Поганые трусы и лжецы! https://t.co/ZCGeJpkZlH https://t.co/wknXgzh0d5,negative,negative
"В музыкальную школу Бузулука впервые приобрели клавишные гусли
https://t.co/Z54s5N5EsV",neutral,positive
"Отпуск - это, когда ты позавтракал джин тоником",positive,positive
@Semionych @timogen888 @Komodsky @MazurikDm @Olegpro13 @Graf_CbIP С хуявиной... https://t.co/CBAbUWstb1,neutral,negative
@sand_rug саш🤝🤝🤝,neutral,positive
"Врачи столкнулись с проблемой при лечении Порошенко
https://t.co/aRqSb4STuk",neutral,negative
а как зайти в уведы? сорри я опять туплю,negative,neutral
Товар дня. Скидка на него сегодня 5% Автоматический выключатель t7l 1600 pr332/p lsig in=1600a 3p f f - Арт https://t.co/3ZSCfTDRDw,neutral,neutral
"@loud__way ДА!!!! 
ХОЧУ ХОЧУ ХОЧУ 💞💞💞",positive,positive
"@dhvaymarin_a Это с 2018 года, раньше было больше, особенно ориджиналов
10+ макси я начинала, писала страниц по десять и бросала",neutral,neutral
@alex_potapov73 @interfaxua Русский! Иди домой! Тут водки нет!,negative,negative
@vanilliani ты веселая,positive,positive
"@F8vZraL8dKK8wFY За то есть, что вспомнить! 😂😂😂",positive,positive
@heavydirtysoulW ахшпхз так и знала что ты так подумаешб,neutral,neutral
"@FilippFilipovic Теща. А что, звучит задорно!)))",positive,positive
"Отвлекаю ребёнка пока родные едят 
Можно я скажу что ей подходит Рамуда ибо она милая сучка https://t.co/QenpbRlVvy",positive,negative
"@oiiiijosuke Интересно, какая мораль",neutral,neutral
@teruxire ЭТО НЕ ОКЕЙ. ЭТО ОЧКО.,negative,negative
@waytopanic пол часа как то быстро пролетели...,neutral,positive
"Хотела сегодня пойти в юбке 
но сегодня ливень весь день
вселенная не хочет походу",negative,negative
@roman_yuneman Вы тупые или сознательно дурите? У белорусов был кандидат.,negative,negative
@__nanauu__ сама ты блин😔👊🏿,negative,negative
"@alisyatomlinson Возможно, немного офелия",neutral,neutral
"Лютый ебаный пиздец, да",negative,negative
@stigmatay БЛЯТЬ,negative,negative
"причем желательно большой дружной толпой, я знаю, вы могете, ну ребят((((",positive,positive
@scaryseoul ДА НУ БЛ(,negative,negative
@37_ohrana @mamlyt4 Поковыряй инторнет и регламенты,neutral,neutral
неЕт пришла первая домашка пожалуйста заберите ее обратно,negative,negative
@Allan_Fox_ Внимательно смотрю.,neutral,neutral
"@inna_raz @KorneevAnatoly Как хорошо, что я не курю!!! А то бы ещё желание покурить мешало продлить удовольствиенаходится в кровати!",positive,positive
"Ооо, от меня кто-то отписался, а кто-то даже софтблокнул 😂 ну и чё это за хрень, я вас спрашиваю?",negative,negative
"@park_min_love_ Доброе утро 💜💜💜
Планов сильно никаких, вечером наверное уеду к родственникам
Хорошего дня, зайка 💜🥰 https://t.co/kUjc9Bkh8b",positive,positive
@the__snow_queen 50/50 будем считать,neutral,neutral
@nikto_obsolutno сомневаюсь что они будут за это платить да и это не какие-то сложные задания они просто гандоплясы ленивые,negative,negative
@omniologija @alquimi30201886 @djvucicevic Браво 👏👏👏 завидан интелект 😂😂😂,positive,positive
@hickeyus Лежащее никому нахуй не нужно,negative,negative
такая красивая манга блин https://t.co/OlbABrssDh,positive,positive
мне сейчас стало боязно я реально записалась в парикмахерскую..,neutral,negative
"Мэр Кемерова ответил на возмущение горожан информационными табло вдоль дорог
 https://t.co/6Lp6A7QseZ https://t.co/2NXJedsEwS",neutral,neutral
ПИЗДЦЕЯЯ,negative,negative